timestamp,datetime,hashrate,difficulty
1773849000,2026-03-18 15:50:00,12516,269101119
1773849600,2026-03-18 16:00:00,12390,268512509
1773850200,2026-03-18 16:10:00,11802,267416719
1773850800,2026-03-18 16:20:00,11004,259937316
1773851400,2026-03-18 16:30:00,11634,262661724
1773852000,2026-03-18 16:40:00,11130,261971141
1773852600,2026-03-18 16:50:00,10836,261546579
1773853200,2026-03-18 17:00:00,10164,256394928
1773853800,2026-03-18 17:10:00,9450,250335665
1773854400,2026-03-18 17:20:00,10374,255994983
1773855000,2026-03-18 17:30:00,10206,253373770
1773855600,2026-03-18 17:40:00,10164,255364711
1773856200,2026-03-18 17:50:00,9660,251050855
1773856800,2026-03-18 18:00:00,9702,252566436
1773857400,2026-03-18 18:10:00,9030,247714754
1773858000,2026-03-18 18:20:00,9072,247726329
1773858600,2026-03-18 18:30:00,9576,247103303
1773859200,2026-03-18 18:40:00,9030,242772978
1773859800,2026-03-18 18:50:00,8652,239600462
1773860400,2026-03-18 19:00:00,8778,240401660
1773861000,2026-03-18 19:10:00,8526,238923350
1773861600,2026-03-18 19:20:00,9744,243141154
1773862200,2026-03-18 19:30:00,9324,242209881
1773862800,2026-03-18 19:40:00,10122,249616894
1773863400,2026-03-18 19:50:00,11088,254193455
1773864000,2026-03-18 20:00:00,11508,255948416
1773864600,2026-03-18 20:10:00,12726,261314489
1773865200,2026-03-18 20:20:00,13398,263489846
1773865800,2026-03-18 20:30:00,13734,262874205
1773866400,2026-03-18 20:40:00,14868,267327702
1773867000,2026-03-18 20:50:00,15666,275580099
1773867600,2026-03-18 21:00:00,15036,272879291
1773868200,2026-03-18 21:10:00,15246,275498039
1773868800,2026-03-18 21:20:00,15162,279293033
1773869400,2026-03-18 21:30:00,14238,277013774
1773870000,2026-03-18 21:40:00,14280,278632781
1773870600,2026-03-18 21:50:00,13776,277005917
1773871200,2026-03-18 22:00:00,13146,276038320
1773871800,2026-03-18 22:10:00,13146,277310984
1773872400,2026-03-18 22:20:00,13692,282197714
1773873000,2026-03-18 22:30:00,13188,281467572
1773873600,2026-03-18 22:40:00,13272,284763269
1773874200,2026-03-18 22:50:00,12096,277873433
1773874800,2026-03-18 23:00:00,12054,276685400
1773875400,2026-03-18 23:10:00,12138,278353344
1773876000,2026-03-18 23:20:00,11550,275317903
1773876600,2026-03-18 23:30:00,12012,276649245
1773877200,2026-03-18 23:40:00,11256,271604246
1773877800,2026-03-18 23:50:00,11256,272750417
1773878400,2026-03-19 00:00:00,11424,272572413
1773879000,2026-03-19 00:10:00,11046,269633967
1773879600,2026-03-19 00:20:00,10416,265562349
1773880200,2026-03-19 00:30:00,10752,271581914
1773880800,2026-03-19 00:40:00,10710,270099331
1773881400,2026-03-19 00:50:00,9744,262036854
1773882000,2026-03-19 01:00:00,11046,270737592
1773882600,2026-03-19 01:10:00,11214,272785409
1773883200,2026-03-19 01:20:00,11550,273580031
1773883800,2026-03-19 01:30:00,10878,268337182
1773884400,2026-03-19 01:40:00,11088,268822373
1773885000,2026-03-19 01:50:00,11382,269877701
1773885600,2026-03-19 02:00:00,11130,268397339
1773886200,2026-03-19 02:10:00,11760,269633617
1773886800,2026-03-19 02:20:00,11634,269112954
1773887400,2026-03-19 02:30:00,10752,263044059
1773888000,2026-03-19 02:40:00,10584,263089465
1773888600,2026-03-19 02:50:00,10164,259000007
1773889200,2026-03-19 03:00:00,10500,256825541
1773889800,2026-03-19 03:10:00,10290,260665117
1773890400,2026-03-19 03:20:00,10794,265075757
1773891000,2026-03-19 03:30:00,10626,264269540
1773891600,2026-03-19 03:40:00,10836,262967356
1773892200,2026-03-19 03:50:00,11214,267378925
1773892800,2026-03-19 04:00:00,11634,270435626
1773893400,2026-03-19 04:10:00,11760,271128413
1773894000,2026-03-19 04:20:00,12474,272516924
1773894600,2026-03-19 04:30:00,12390,271853235
1773895200,2026-03-19 04:40:00,12894,271819376
1773895800,2026-03-19 04:50:00,13272,275637322
1773896400,2026-03-19 05:00:00,12978,274256998
1773897000,2026-03-19 05:10:00,12516,274254123
1773897600,2026-03-19 05:20:00,13482,277255288
1773898200,2026-03-19 05:30:00,13272,279731522
1773898800,2026-03-19 05:40:00,13524,283338672
1773899400,2026-03-19 05:50:00,13608,284987390
1773900000,2026-03-19 06:00:00,12852,282238406
1773900600,2026-03-19 06:10:00,13776,285983080
1773901200,2026-03-19 06:20:00,12600,279070240
1773901800,2026-03-19 06:30:00,12516,279201268
1773902400,2026-03-19 06:40:00,12978,283421971
1773903000,2026-03-19 06:50:00,13188,283931479
1773903600,2026-03-19 07:00:00,12642,282401614
1773904200,2026-03-19 07:10:00,12054,278309660
1773904800,2026-03-19 07:20:00,11928,276816959
1773905400,2026-03-19 07:30:00,11844,276726895
1773906000,2026-03-19 07:40:00,11382,276149484
1773906600,2026-03-19 07:50:00,11172,275620506
1773907200,2026-03-19 08:00:00,12096,282445514
1773907800,2026-03-19 08:10:00,11844,282361037
1773908400,2026-03-19 08:20:00,12894,284889457
1773909000,2026-03-19 08:30:00,13062,288475214
1773909600,2026-03-19 08:40:00,12138,283786266
1773910200,2026-03-19 08:50:00,12810,287787120
1773910800,2026-03-19 09:00:00,13146,287376053
1773911400,2026-03-19 09:10:00,13692,290304541
1773912000,2026-03-19 09:20:00,14364,292422760
1773912600,2026-03-19 09:30:00,13986,291458376
1773913200,2026-03-19 09:40:00,14112,292887645
1773913800,2026-03-19 09:50:00,13356,290021365
1773914400,2026-03-19 10:00:00,13020,291946917
1773915000,2026-03-19 10:10:00,13272,292087481
1773915600,2026-03-19 10:20:00,13314,294179275
1773916200,2026-03-19 10:30:00,13902,296924054
1773916800,2026-03-19 10:40:00,13356,294745951
1773917400,2026-03-19 10:50:00,12936,294531872
1773918000,2026-03-19 11:00:00,13230,294579303
1773918600,2026-03-19 11:10:00,12810,294928011
1773919200,2026-03-19 11:20:00,12810,294529351
1773919800,2026-03-19 11:30:00,12726,293012090
1773920400,2026-03-19 11:40:00,12516,293208443
1773921000,2026-03-19 11:50:00,12726,290969288
1773921600,2026-03-19 12:00:00,11928,286968863
1773922200,2026-03-19 12:10:00,11298,282783600
1773922800,2026-03-19 12:20:00,11760,286470936
1773923400,2026-03-19 12:30:00,11634,286737723
1773924000,2026-03-19 12:40:00,12180,291838786
1773924600,2026-03-19 12:50:00,11676,287529513
1773925200,2026-03-19 13:00:00,10920,281039821
1773925800,2026-03-19 13:10:00,11298,284256836
1773926400,2026-03-19 13:20:00,11214,283877062
1773927000,2026-03-19 13:30:00,10962,281444921
1773927600,2026-03-19 13:40:00,11214,280205939
1773928200,2026-03-19 13:50:00,11256,283172711
1773928800,2026-03-19 14:00:00,10962,278780461
1773929400,2026-03-19 14:10:00,11592,281185029
1773930000,2026-03-19 14:20:00,11004,275550966
1773930600,2026-03-19 14:30:00,10500,271725526
1773931200,2026-03-19 14:40:00,10164,269644019
1773931800,2026-03-19 14:50:00,10038,268338244
1773932400,2026-03-19 15:00:00,9282,262935031
1773933000,2026-03-19 15:10:00,9324,262128944
1773933600,2026-03-19 15:20:00,9618,260941481
1773934200,2026-03-19 15:30:00,9492,261204915
1773934800,2026-03-19 15:40:00,9492,259837200
1773935400,2026-03-19 15:50:00,8526,249463818
1773936000,2026-03-19 16:00:00,9072,253759759
1773936600,2026-03-19 16:10:00,8946,254634633
1773937200,2026-03-19 16:20:00,8652,251501807
1773937800,2026-03-19 16:30:00,8946,253298063
1773938400,2026-03-19 16:40:00,9114,251703032
1773939000,2026-03-19 16:50:00,9786,254994607
1773939600,2026-03-19 17:00:00,9450,251175637
1773940200,2026-03-19 17:10:00,9618,249616167
1773940800,2026-03-19 17:20:00,9618,247518412
1773941400,2026-03-19 17:30:00,9702,249586768
1773942000,2026-03-19 17:40:00,8904,242016684
1773942600,2026-03-19 17:50:00,9954,243862947
1773943200,2026-03-19 18:00:00,10206,245190372
1773943800,2026-03-19 18:10:00,9618,242541731
1773944400,2026-03-19 18:20:00,8820,236627020
1773945000,2026-03-19 18:30:00,9114,237945519
1773945600,2026-03-19 18:40:00,8904,236209556
1773946200,2026-03-19 18:50:00,9282,238572756
1773946800,2026-03-19 19:00:00,8820,237926396
1773947400,2026-03-19 19:10:00,9324,239682372
1773948000,2026-03-19 19:20:00,9744,241255365
1773948600,2026-03-19 19:30:00,9828,243504477
1773949200,2026-03-19 19:40:00,10248,241618043
1773949800,2026-03-19 19:50:00,10752,247063268
1773950400,2026-03-19 20:00:00,11256,249373894
1773951000,2026-03-19 20:10:00,12264,253261876
1773951600,2026-03-19 20:20:00,12558,254040212
1773952200,2026-03-19 20:30:00,12810,255762374
1773952800,2026-03-19 20:40:00,14070,262193943
1773953400,2026-03-19 20:50:00,13146,258967157
1773954000,2026-03-19 21:00:00,12894,258883717
1773954600,2026-03-19 21:10:00,12642,257729796
1773955200,2026-03-19 21:20:00,13776,265206943
1773955800,2026-03-19 21:30:00,13104,262241794
1773956400,2026-03-19 21:40:00,12642,260359882
1773957000,2026-03-19 21:50:00,12642,264677832
1773957600,2026-03-19 22:00:00,13734,273646501
1773958200,2026-03-19 22:10:00,13944,273764249
1773958800,2026-03-19 22:20:00,13482,275222050
1773959400,2026-03-19 22:30:00,13692,279959118
1773960000,2026-03-19 22:40:00,14994,282984930
1773960600,2026-03-19 22:50:00,13818,277294892
1773961200,2026-03-19 23:00:00,14490,284809081
1773961800,2026-03-19 23:10:00,12810,275909373
1773962400,2026-03-19 23:20:00,13104,276762885
1773963000,2026-03-19 23:30:00,13482,276790645
1773963600,2026-03-19 23:40:00,12978,275066263
1773964200,2026-03-19 23:50:00,12012,272069853
1773964800,2026-03-20 00:00:00,11886,275809014
1773965400,2026-03-20 00:10:00,12474,279352814
1773966000,2026-03-20 00:20:00,12306,281018752
1773966600,2026-03-20 00:30:00,12054,280352759
1773967200,2026-03-20 00:40:00,10836,271161688
1773967800,2026-03-20 00:50:00,11886,277230651
1773968400,2026-03-20 01:00:00,11676,280560468
1773969000,2026-03-20 01:10:00,12474,281417460
1773969600,2026-03-20 01:20:00,11676,275171553
1773970200,2026-03-20 01:30:00,11760,276541071
1773970800,2026-03-20 01:40:00,11172,270027635
1773971400,2026-03-20 01:50:00,10710,265101927
1773972000,2026-03-20 02:00:00,10794,266242550
1773972600,2026-03-20 02:10:00,11214,271485526
1773973200,2026-03-20 02:20:00,10878,271704821
1773973800,2026-03-20 02:30:00,10668,270339883
1773974400,2026-03-20 02:40:00,9996,263721821
1773975000,2026-03-20 02:50:00,10542,262870991
1773975600,2026-03-20 03:00:00,10542,267168291
1773976200,2026-03-20 03:10:00,10458,268466819
1773976800,2026-03-20 03:20:00,9912,263955151
1773977400,2026-03-20 03:30:00,10542,264167015
1773978000,2026-03-20 03:40:00,10290,262840467
1773978600,2026-03-20 03:50:00,10710,262867800
1773979200,2026-03-20 04:00:00,10248,257597213
1773979800,2026-03-20 04:10:00,9996,254979422
1773980400,2026-03-20 04:20:00,9030,246667009
1773981000,2026-03-20 04:30:00,9156,250528310
1773981600,2026-03-20 04:40:00,9072,248904792
1773982200,2026-03-20 04:50:00,8442,242455749
1773982800,2026-03-20 05:00:00,8316,239927009
1773983400,2026-03-20 05:10:00,8904,241181827
1773984000,2026-03-20 05:20:00,8862,243958816
1773984600,2026-03-20 05:30:00,8862,244927200
1773985200,2026-03-20 05:40:00,9240,247215545
1773985800,2026-03-20 05:50:00,9282,246390729
1773986400,2026-03-20 06:00:00,9450,247637862
1773987000,2026-03-20 06:10:00,9282,245867001
1773987600,2026-03-20 06:20:00,9786,244468454
1773988200,2026-03-20 06:30:00,10374,247776339
1773988800,2026-03-20 06:40:00,10626,249066355
1773989400,2026-03-20 06:50:00,11298,248407341
1773990000,2026-03-20 07:00:00,10584,243558537
1773990600,2026-03-20 07:10:00,10668,245681434
1773991200,2026-03-20 07:20:00,10752,247370197
1773991800,2026-03-20 07:30:00,10878,248741600
1773992400,2026-03-20 07:40:00,10836,248910169
1773993000,2026-03-20 07:50:00,10836,250924977
1773993600,2026-03-20 08:00:00,10626,248687084
1773994200,2026-03-20 08:10:00,11592,253739854
1773994800,2026-03-20 08:20:00,11004,249510913
1773995400,2026-03-20 08:30:00,10836,250416639
1773996000,2026-03-20 08:40:00,11592,254852218
1773996600,2026-03-20 08:50:00,11886,254827624
1773997200,2026-03-20 09:00:00,11886,255962351
1773997800,2026-03-20 09:10:00,11382,255223747
1773998400,2026-03-20 09:20:00,11256,253698262
1773999000,2026-03-20 09:30:00,11172,253136556
1773999600,2026-03-20 09:40:00,11466,256375085
1774000200,2026-03-20 09:50:00,11802,257500086
1774000800,2026-03-20 10:00:00,11256,253824516
1774001400,2026-03-20 10:10:00,10416,249360987
1774002000,2026-03-20 10:20:00,11004,251183446
1774002600,2026-03-20 10:30:00,11802,260567786
1774003200,2026-03-20 10:40:00,12432,266137635
1774003800,2026-03-20 10:50:00,11382,258394627
1774004400,2026-03-20 11:00:00,11634,259787864
1774005000,2026-03-20 11:10:00,10878,255441158
1774005600,2026-03-20 11:20:00,11256,256072527
1774006200,2026-03-20 11:30:00,10122,248133434
1774006800,2026-03-20 11:40:00,10626,252937673
1774007400,2026-03-20 11:50:00,11130,257217288
1774008000,2026-03-20 12:00:00,11424,257279395
1774008600,2026-03-20 12:10:00,11424,256697088
1774009200,2026-03-20 12:20:00,11592,258966572
1774009800,2026-03-20 12:30:00,10794,253336763
1774010400,2026-03-20 12:40:00,10248,254273192
1774011000,2026-03-20 12:50:00,11046,258729522
1774011600,2026-03-20 13:00:00,11676,262396545
1774012200,2026-03-20 13:10:00,11508,259892944
1774012800,2026-03-20 13:20:00,12012,258693584
1774013400,2026-03-20 13:30:00,11634,259545319
1774014000,2026-03-20 13:40:00,11970,264450797
1774014600,2026-03-20 13:50:00,11970,263355180
1774015200,2026-03-20 14:00:00,11088,258726284
1774015800,2026-03-20 14:10:00,10248,252928862
1774016400,2026-03-20 14:20:00,10500,252575580
1774017000,2026-03-20 14:30:00,9786,248615964
1774017600,2026-03-20 14:40:00,10038,248605856
1774018200,2026-03-20 14:50:00,10080,247742244
1774018800,2026-03-20 15:00:00,9828,248748695
1774019400,2026-03-20 15:10:00,9576,249682460
1774020000,2026-03-20 15:20:00,9744,248827721
1774020600,2026-03-20 15:30:00,10080,251406440
1774021200,2026-03-20 15:40:00,10332,255773624
1774021800,2026-03-20 15:50:00,10710,259993073
1774022400,2026-03-20 16:00:00,11970,261352128
1774023000,2026-03-20 16:10:00,12222,263142454
1774023600,2026-03-20 16:20:00,12516,261955335
1774024200,2026-03-20 16:30:00,12810,264423718
1774024800,2026-03-20 16:40:00,12558,263057965
1774025400,2026-03-20 16:50:00,12264,260720815
1774026000,2026-03-20 17:00:00,12516,262862716
1774026600,2026-03-20 17:10:00,12012,259286609
1774027200,2026-03-20 17:20:00,11886,259866471
1774027800,2026-03-20 17:30:00,11424,258593086
1774028400,2026-03-20 17:40:00,11088,258163302
1774029000,2026-03-20 17:50:00,10962,258113418
1774029600,2026-03-20 18:00:00,11214,261131531
1774030200,2026-03-20 18:10:00,11046,262535558
1774030800,2026-03-20 18:20:00,10752,258816907
1774031400,2026-03-20 18:30:00,10416,257192191
1774032000,2026-03-20 18:40:00,10374,256630991
1774032600,2026-03-20 18:50:00,9996,252654622
1774033200,2026-03-20 19:00:00,10542,257773367
1774033800,2026-03-20 19:10:00,11298,261229183
1774034400,2026-03-20 19:20:00,11088,260135666
1774035000,2026-03-20 19:30:00,11508,261619811
1774035600,2026-03-20 19:40:00,11970,266068798
1774036200,2026-03-20 19:50:00,11928,266347042
1774036800,2026-03-20 20:00:00,11676,263622545
1774037400,2026-03-20 20:10:00,11256,263189049
1774038000,2026-03-20 20:20:00,11802,263313831
1774038600,2026-03-20 20:30:00,11256,258748131
1774039200,2026-03-20 20:40:00,12054,262821339
1774039800,2026-03-20 20:50:00,12264,266693057
1774040400,2026-03-20 21:00:00,12012,268147658
1774041000,2026-03-20 21:10:00,11508,263839185
1774041600,2026-03-20 21:20:00,11214,261431858
1774042200,2026-03-20 21:30:00,11214,262718383
1774042800,2026-03-20 21:40:00,11340,266201261
1774043400,2026-03-20 21:50:00,11088,264638109
1774044000,2026-03-20 22:00:00,11970,268576817
1774044600,2026-03-20 22:10:00,12768,270762027
1774045200,2026-03-20 22:20:00,12390,268789807
1774045800,2026-03-20 22:30:00,12684,272754646
1774046400,2026-03-20 22:40:00,12054,271866568
1774047000,2026-03-20 22:50:00,12012,273249058
1774047600,2026-03-20 23:00:00,13356,279155311
1774048200,2026-03-20 23:10:00,13650,277696710
1774048800,2026-03-20 23:20:00,12600,271747341
1774049400,2026-03-20 23:30:00,12348,273135502
1774050000,2026-03-20 23:40:00,13272,279759828
1774050600,2026-03-20 23:50:00,12348,275812751
1774051200,2026-03-21 00:00:00,12138,272949930
1774051800,2026-03-21 00:10:00,10962,265626326
1774052400,2026-03-21 00:20:00,11550,270361688
1774053000,2026-03-21 00:30:00,11256,267838987
1774053600,2026-03-21 00:40:00,11550,271236449
1774054200,2026-03-21 00:50:00,12012,275581181
1774054800,2026-03-21 01:00:00,11130,270768304
1774055400,2026-03-21 01:10:00,10500,268125301
1774056000,2026-03-21 01:20:00,10752,267738676
1774056600,2026-03-21 01:30:00,10962,267916909
1774057200,2026-03-21 01:40:00,10878,267094243
1774057800,2026-03-21 01:50:00,10542,266800137
1774058400,2026-03-21 02:00:00,10164,261529787
1774059000,2026-03-21 02:10:00,11802,270864075
1774059600,2026-03-21 02:20:00,11676,270552645
1774060200,2026-03-21 02:30:00,12264,274022776
1774060800,2026-03-21 02:40:00,11172,268257495
1774061400,2026-03-21 02:50:00,11214,271606107
1774062000,2026-03-21 03:00:00,11802,272256729
1774062600,2026-03-21 03:10:00,11592,269479335
1774063200,2026-03-21 03:20:00,11508,268915445
1774063800,2026-03-21 03:30:00,11256,266155341
1774064400,2026-03-21 03:40:00,11256,266712181
1774065000,2026-03-21 03:50:00,12348,269202809
1774065600,2026-03-21 04:00:00,11676,266546658
1774066200,2026-03-21 04:10:00,10920,262554616
1774066800,2026-03-21 04:20:00,10668,263366600
1774067400,2026-03-21 04:30:00,10500,261568728
1774068000,2026-03-21 04:40:00,9576,255617029
1774068600,2026-03-21 04:50:00,9492,252029628
1774069200,2026-03-21 05:00:00,9450,252261945
1774069800,2026-03-21 05:10:00,9114,249973950
1774070400,2026-03-21 05:20:00,9954,257065487
1774071000,2026-03-21 05:30:00,10122,258904202
1774071600,2026-03-21 05:40:00,10542,258468411
1774072200,2026-03-21 05:50:00,10584,260981745
1774072800,2026-03-21 06:00:00,10458,260453943
1774073400,2026-03-21 06:10:00,10458,257211802
1774074000,2026-03-21 06:20:00,10122,254573415
1774074600,2026-03-21 06:30:00,11844,263472852
1774075200,2026-03-21 06:40:00,11298,257799422
1774075800,2026-03-21 06:50:00,10920,254124913
1774076400,2026-03-21 07:00:00,12096,260446080
1774077000,2026-03-21 07:10:00,11424,258104080
1774077600,2026-03-21 07:20:00,10794,255155562
1774078200,2026-03-21 07:30:00,10920,258256911
1774078800,2026-03-21 07:40:00,10626,254550231
1774079400,2026-03-21 07:50:00,10458,254094707
1774080000,2026-03-21 08:00:00,11172,259891523
1774080600,2026-03-21 08:10:00,11550,260262602
1774081200,2026-03-21 08:20:00,11550,260553531
1774081800,2026-03-21 08:30:00,10332,253037960
1774082400,2026-03-21 08:40:00,10122,252328987
1774083000,2026-03-21 08:50:00,10290,250318385
1774083600,2026-03-21 09:00:00,10080,250458052
1774084200,2026-03-21 09:10:00,9618,246737684
1774084800,2026-03-21 09:20:00,9366,245069985
1774085400,2026-03-21 09:30:00,9744,246424129
1774086000,2026-03-21 09:40:00,10626,252778386
1774086600,2026-03-21 09:50:00,10458,250868126
1774087200,2026-03-21 10:00:00,10206,250695527
1774087800,2026-03-21 10:10:00,10038,251222967
1774088400,2026-03-21 10:20:00,9534,247959260
1774089000,2026-03-21 10:30:00,10752,252438895
1774089600,2026-03-21 10:40:00,12474,262890647
1774090200,2026-03-21 10:50:00,12684,263611446
1774090800,2026-03-21 11:00:00,13482,264225249
1774091400,2026-03-21 11:10:00,13776,268272384
1774092000,2026-03-21 11:20:00,13818,273492707
1774092600,2026-03-21 11:30:00,14490,276369479
1774093200,2026-03-21 11:40:00,13566,269014275
1774093800,2026-03-21 11:50:00,13188,269515674
1774094400,2026-03-21 12:00:00,13356,267151091
1774095000,2026-03-21 12:10:00,13776,272691008
1774095600,2026-03-21 12:20:00,12852,269278897
1774096200,2026-03-21 12:30:00,12684,272862105
1774096800,2026-03-21 12:40:00,11718,268641138
1774097400,2026-03-21 12:50:00,12222,271315730
1774098000,2026-03-21 13:00:00,12558,273851180
1774098600,2026-03-21 13:10:00,11928,272232669
1774099200,2026-03-21 13:20:00,10668,262982753
1774099800,2026-03-21 13:30:00,10164,259656659
1774100400,2026-03-21 13:40:00,9114,251033255
1774101000,2026-03-21 13:50:00,9114,252190908
1774101600,2026-03-21 14:00:00,10584,258447906
1774102200,2026-03-21 14:10:00,10920,266353842
1774102800,2026-03-21 14:20:00,12222,274767875
1774103400,2026-03-21 14:30:00,11802,272536599
1774104000,2026-03-21 14:40:00,12936,279877133
1774104600,2026-03-21 14:50:00,12726,280835479
1774105200,2026-03-21 15:00:00,11844,275606908
1774105800,2026-03-21 15:10:00,12222,270477616
1774106400,2026-03-21 15:20:00,13902,272353107
1774107000,2026-03-21 15:30:00,13440,271479837
1774107600,2026-03-21 15:40:00,13398,272351127
1774108200,2026-03-21 15:50:00,12684,271326189
1774108800,2026-03-21 16:00:00,12180,269271795
1774109400,2026-03-21 16:10:00,11718,270086518
1774110000,2026-03-21 16:20:00,11172,266767284
1774110600,2026-03-21 16:30:00,10206,261614540
1774111200,2026-03-21 16:40:00,10164,259289769
1774111800,2026-03-21 16:50:00,9870,259023994
1774112400,2026-03-21 17:00:00,9576,258518500
1774113000,2026-03-21 17:10:00,9408,258461992
1774113600,2026-03-21 17:20:00,10122,257990053
1774114200,2026-03-21 17:30:00,10164,259758705
1774114800,2026-03-21 17:40:00,10080,259408857
1774115400,2026-03-21 17:50:00,9786,257105608
1774116000,2026-03-21 18:00:00,9996,257492863
1774116600,2026-03-21 18:10:00,10626,260883899
1774117200,2026-03-21 18:20:00,10626,261610597
1774117800,2026-03-21 18:30:00,11046,261162326
1774118400,2026-03-21 18:40:00,12012,264604030
1774119000,2026-03-21 18:50:00,12600,269928519
1774119600,2026-03-21 19:00:00,13902,276715570
1774120200,2026-03-21 19:10:00,13860,278486290
1774120800,2026-03-21 19:20:00,15330,282725219
1774121400,2026-03-21 19:30:00,14952,283547629
1774122000,2026-03-21 19:40:00,14994,283539467
1774122600,2026-03-21 19:50:00,13524,277852954
1774123200,2026-03-21 20:00:00,13230,275538481
1774123800,2026-03-21 20:10:00,13062,276231151
1774124400,2026-03-21 20:20:00,13356,276178864
1774125000,2026-03-21 20:30:00,13608,280834981
1774125600,2026-03-21 20:40:00,12348,275375130
1774126200,2026-03-21 20:50:00,12180,276198511
1774126800,2026-03-21 21:00:00,11298,273212167
1774127400,2026-03-21 21:10:00,11592,275190508
1774128000,2026-03-21 21:20:00,10836,271423567
1774128600,2026-03-21 21:30:00,10290,269084527
1774129200,2026-03-21 21:40:00,10668,271753191
1774129800,2026-03-21 21:50:00,11550,275648354
1774130400,2026-03-21 22:00:00,11886,276779982
1774131000,2026-03-21 22:10:00,11340,273067735
1774131600,2026-03-21 22:20:00,11760,276077025
1774132200,2026-03-21 22:30:00,11172,272171330
1774132800,2026-03-21 22:40:00,11214,271670430
1774133400,2026-03-21 22:50:00,11340,271606992
1774134000,2026-03-21 23:00:00,12138,275604987
1774134600,2026-03-21 23:10:00,12726,281574823
1774135200,2026-03-21 23:20:00,13020,278884960
1774135800,2026-03-21 23:30:00,11928,273184296
1774136400,2026-03-21 23:40:00,11760,273955692
1774137000,2026-03-21 23:50:00,11130,270943293
1774137600,2026-03-22 00:00:00,10710,266472445
1774138200,2026-03-22 00:10:00,11424,271886363
1774138800,2026-03-22 00:20:00,11214,271406156
1774139400,2026-03-22 00:30:00,11172,271624194
1774140000,2026-03-22 00:40:00,11760,272522754
1774140600,2026-03-22 00:50:00,11550,271643241
1774141200,2026-03-22 01:00:00,11256,270891228
1774141800,2026-03-22 01:10:00,11256,271896246
1774142400,2026-03-22 01:20:00,10920,271565474
1774143000,2026-03-22 01:30:00,11004,270297690
1774143600,2026-03-22 01:40:00,11046,268109486
1774144200,2026-03-22 01:50:00,10080,261569806
1774144800,2026-03-22 02:00:00,10542,262916400
1774145400,2026-03-22 02:10:00,11004,265719856
1774146000,2026-03-22 02:20:00,11802,269154579
1774146600,2026-03-22 02:30:00,11676,272476143
1774147200,2026-03-22 02:40:00,11550,272167353
1774147800,2026-03-22 02:50:00,10878,267930734
1774148400,2026-03-22 03:00:00,11634,270876162
1774149000,2026-03-22 03:10:00,12222,272551905
1774149600,2026-03-22 03:20:00,11382,269331225
1774150200,2026-03-22 03:30:00,10752,265371980
1774150800,2026-03-22 03:40:00,12012,269263822
1774151400,2026-03-22 03:50:00,13314,278504877
1774152000,2026-03-22 04:00:00,13272,278498059
1774152600,2026-03-22 04:10:00,12180,272612983
1774153200,2026-03-22 04:20:00,12264,275316739
1774153800,2026-03-22 04:30:00,11844,274184169
1774154400,2026-03-22 04:40:00,11592,272287247
1774155000,2026-03-22 04:50:00,12180,274311668
1774155600,2026-03-22 05:00:00,12096,276067332
1774156200,2026-03-22 05:10:00,11340,270401426
1774156800,2026-03-22 05:20:00,12180,273380784
1774157400,2026-03-22 05:30:00,12348,274411949
1774158000,2026-03-22 05:40:00,11970,273034022
1774158600,2026-03-22 05:50:00,11382,271457847
1774159200,2026-03-22 06:00:00,10752,269241473
1774159800,2026-03-22 06:10:00,10290,265085675
1774160400,2026-03-22 06:20:00,10794,266342943
1774161000,2026-03-22 06:30:00,10164,261880093
1774161600,2026-03-22 06:40:00,10584,265738404
1774162200,2026-03-22 06:50:00,10752,264548872
1774162800,2026-03-22 07:00:00,10038,260366625
1774163400,2026-03-22 07:10:00,9702,257870247
1774164000,2026-03-22 07:20:00,10206,259591769
1774164600,2026-03-22 07:30:00,10080,260959810
1774165200,2026-03-22 07:40:00,10584,264612299
1774165800,2026-03-22 07:50:00,10542,263524878
1774166400,2026-03-22 08:00:00,11046,265282409
1774167000,2026-03-22 08:10:00,11928,267839284
1774167600,2026-03-22 08:20:00,11382,266711045
1774168200,2026-03-22 08:30:00,12012,269435115
1774168800,2026-03-22 08:40:00,11802,269190500
1774169400,2026-03-22 08:50:00,13356,276077655
1774170000,2026-03-22 09:00:00,14112,280419482
1774170600,2026-03-22 09:10:00,13314,276030708
1774171200,2026-03-22 09:20:00,12348,270341958
1774171800,2026-03-22 09:30:00,12012,269071809
1774172400,2026-03-22 09:40:00,11760,267604831
1774173000,2026-03-22 09:50:00,12642,273397917
1774173600,2026-03-22 10:00:00,12516,275715281
1774174200,2026-03-22 10:10:00,13356,280467360
1774174800,2026-03-22 10:20:00,13356,281322566
1774175400,2026-03-22 10:30:00,12684,279017438
1774176000,2026-03-22 10:40:00,12348,277006347
1774176600,2026-03-22 10:50:00,11718,275239667
1774177200,2026-03-22 11:00:00,10920,269884012
1774177800,2026-03-22 11:10:00,11004,271647818
1774178400,2026-03-22 11:20:00,12054,273958626
1774179000,2026-03-22 11:30:00,11760,272308575
1774179600,2026-03-22 11:40:00,11802,272150084
1774180200,2026-03-22 11:50:00,11088,267851589
1774180800,2026-03-22 12:00:00,11004,268027717
1774181400,2026-03-22 12:10:00,10626,266738307
1774182000,2026-03-22 12:20:00,10290,265173201
1774182600,2026-03-22 12:30:00,9744,261401309
1774183200,2026-03-22 12:40:00,9198,256104972
1774183800,2026-03-22 12:50:00,9450,256902141
1774184400,2026-03-22 13:00:00,9408,255569622
1774185000,2026-03-22 13:10:00,8988,250988042
1774185600,2026-03-22 13:20:00,10122,259349908
1774186200,2026-03-22 13:30:00,10248,261925205
1774186800,2026-03-22 13:40:00,10080,259544381
1774187400,2026-03-22 13:50:00,10038,260068877
1774188000,2026-03-22 14:00:00,10542,258445567
1774188600,2026-03-22 14:10:00,9744,253036460
1774189200,2026-03-22 14:20:00,10038,255897392
1774189800,2026-03-22 14:30:00,10836,258698402
1774190400,2026-03-22 14:40:00,11592,261879889
1774191000,2026-03-22 14:50:00,11970,264375445
1774191600,2026-03-22 15:00:00,12348,263149333
1774192200,2026-03-22 15:10:00,11802,262628744
1774192800,2026-03-22 15:20:00,11172,260477463
1774193400,2026-03-22 15:30:00,11172,261995519
1774194000,2026-03-22 15:40:00,10458,257504957
1774194600,2026-03-22 15:50:00,10542,255999652
1774195200,2026-03-22 16:00:00,10710,256738112
1774195800,2026-03-22 16:10:00,10878,253637171
1774196400,2026-03-22 16:20:00,11214,257833574
1774197000,2026-03-22 16:30:00,10584,254739979
1774197600,2026-03-22 16:40:00,10374,252300227
1774198200,2026-03-22 16:50:00,10038,253213533
1774198800,2026-03-22 17:00:00,9786,251524932
1774199400,2026-03-22 17:10:00,9576,249656868
1774200000,2026-03-22 17:20:00,9660,249801907
1774200600,2026-03-22 17:30:00,9828,249877939
1774201200,2026-03-22 17:40:00,9534,248271757
1774201800,2026-03-22 17:50:00,10248,252630987
1774202400,2026-03-22 18:00:00,10164,251986805
1774203000,2026-03-22 18:10:00,10752,252617546
1774203600,2026-03-22 18:20:00,11004,258152138
1774204200,2026-03-22 18:30:00,11718,259914627
1774204800,2026-03-22 18:40:00,12516,265816624
1774205400,2026-03-22 18:50:00,12894,265740315
1774206000,2026-03-22 19:00:00,12894,265066602
1774206600,2026-03-22 19:10:00,12264,260453549
1774207200,2026-03-22 19:20:00,12012,259953661
1774207800,2026-03-22 19:30:00,12600,263289523
1774208400,2026-03-22 19:40:00,12138,262197378
1774209000,2026-03-22 19:50:00,11760,259582056
1774209600,2026-03-22 20:00:00,11214,255407522
1774210200,2026-03-22 20:10:00,11130,254242455
1774210800,2026-03-22 20:20:00,10626,252955585
1774211400,2026-03-22 20:30:00,10290,252508256
1774212000,2026-03-22 20:40:00,9870,249025592
1774212600,2026-03-22 20:50:00,9492,247555117
1774213200,2026-03-22 21:00:00,9240,247053004
1774213800,2026-03-22 21:10:00,9870,253495463
1774214400,2026-03-22 21:20:00,10332,252265663
1774215000,2026-03-22 21:30:00,9954,251629946
1774215600,2026-03-22 21:40:00,9576,250297081
1774216200,2026-03-22 21:50:00,9408,249344104
1774216800,2026-03-22 22:00:00,9156,244876229
1774217400,2026-03-22 22:10:00,9744,245913563
1774218000,2026-03-22 22:20:00,9828,243616956
1774218600,2026-03-22 22:30:00,9954,246593920
1774219200,2026-03-22 22:40:00,9870,242201998
1774219800,2026-03-22 22:50:00,9618,240614991
1774220400,2026-03-22 23:00:00,10164,243666893
1774221000,2026-03-22 23:10:00,10248,247217985
1774221600,2026-03-22 23:20:00,10374,248992856
1774222200,2026-03-22 23:30:00,10500,249846399
1774222800,2026-03-22 23:40:00,10962,250625908
1774223400,2026-03-22 23:50:00,11424,252555846
1774224000,2026-03-23 00:00:00,11088,249329133
1774224600,2026-03-23 00:10:00,10542,246424186
1774225200,2026-03-23 00:20:00,11508,253465395
1774225800,2026-03-23 00:30:00,11508,251460423
1774226400,2026-03-23 00:40:00,11970,252344289
1774227000,2026-03-23 00:50:00,12390,258133391
1774227600,2026-03-23 01:00:00,12264,257745987
1774228200,2026-03-23 01:10:00,11592,256130256
1774228800,2026-03-23 01:20:00,12012,258971087
1774229400,2026-03-23 01:30:00,11508,258718979
1774230000,2026-03-23 01:40:00,11088,254602093
1774230600,2026-03-23 01:50:00,12180,259687798
1774231200,2026-03-23 02:00:00,12054,257620926
1774231800,2026-03-23 02:10:00,11844,259880236
1774232400,2026-03-23 02:20:00,12894,265679381
1774233000,2026-03-23 02:30:00,12558,265268510
1774233600,2026-03-23 02:40:00,11844,262242671
1774234200,2026-03-23 02:50:00,11718,265065369
1774234800,2026-03-23 03:00:00,12180,265182502
1774235400,2026-03-23 03:10:00,11634,262502483
1774236000,2026-03-23 03:20:00,11928,264554806
1774236600,2026-03-23 03:30:00,12894,268888480
1774237200,2026-03-23 03:40:00,12180,267169721
1774237800,2026-03-23 03:50:00,11634,263740918
1774238400,2026-03-23 04:00:00,11256,261024387
1774239000,2026-03-23 04:10:00,10962,259247683
1774239600,2026-03-23 04:20:00,10374,256227768
1774240200,2026-03-23 04:30:00,9828,252713860
1774240800,2026-03-23 04:40:00,9492,249492632
1774241400,2026-03-23 04:50:00,8568,239456536
1774242000,2026-03-23 05:00:00,8694,239274080
1774242600,2026-03-23 05:10:00,8232,236830653
1774243200,2026-03-23 05:20:00,8232,237536012
1774243800,2026-03-23 05:30:00,8316,237598666
1774244400,2026-03-23 05:40:00,8526,241508741
1774245000,2026-03-23 05:50:00,8694,242303584
1774245600,2026-03-23 06:00:00,8820,242725914
1774246200,2026-03-23 06:10:00,9240,246651874
1774246800,2026-03-23 06:20:00,9660,247470556
1774247400,2026-03-23 06:30:00,9786,247141359
1774248000,2026-03-23 06:40:00,10626,246210626
1774248600,2026-03-23 06:50:00,12684,255050788
1774249200,2026-03-23 07:00:00,12012,249824055
1774249800,2026-03-23 07:10:00,12054,252115136
1774250400,2026-03-23 07:20:00,12054,252668622
1774251000,2026-03-23 07:30:00,11676,251649874
1774251600,2026-03-23 07:40:00,11214,249261182
1774252200,2026-03-23 07:50:00,11928,254184173
1774252800,2026-03-23 08:00:00,11382,252070016
1774253400,2026-03-23 08:10:00,11382,255802683
1774254000,2026-03-23 08:20:00,11760,256427517
1774254600,2026-03-23 08:30:00,11424,253594426
1774255200,2026-03-23 08:40:00,11130,253775593
1774255800,2026-03-23 08:50:00,10668,252589051
1774256400,2026-03-23 09:00:00,10920,252159270
1774257000,2026-03-23 09:10:00,11004,252547206
1774257600,2026-03-23 09:20:00,9870,245994597
1774258200,2026-03-23 09:30:00,9912,246123917
1774258800,2026-03-23 09:40:00,10584,249189699
1774259400,2026-03-23 09:50:00,10122,247649431
1774260000,2026-03-23 10:00:00,9744,244864648
1774260600,2026-03-23 10:10:00,10164,248542392
1774261200,2026-03-23 10:20:00,9534,244233561
1774261800,2026-03-23 10:30:00,9198,243095733
1774262400,2026-03-23 10:40:00,9324,241994502
1774263000,2026-03-23 10:50:00,10164,247961687
1774263600,2026-03-23 11:00:00,10290,247153077
1774264200,2026-03-23 11:10:00,10584,251317769
1774264800,2026-03-23 11:20:00,11382,252483900
1774265400,2026-03-23 11:30:00,11802,256958806
1774266000,2026-03-23 11:40:00,11928,257765109
1774266600,2026-03-23 11:50:00,11802,255969765
1774267200,2026-03-23 12:00:00,10878,247406349
1774267800,2026-03-23 12:10:00,10584,248518693
1774268400,2026-03-23 12:20:00,10920,247704495
1774269000,2026-03-23 12:30:00,10122,241793724
1774269600,2026-03-23 12:40:00,10164,241807865
1774270200,2026-03-23 12:50:00,9954,241814623
1774270800,2026-03-23 13:00:00,10710,248814112
1774271400,2026-03-23 13:10:00,11844,259544014
1774272000,2026-03-23 13:20:00,10962,254692633
1774272600,2026-03-23 13:30:00,10752,255347063
1774273200,2026-03-23 13:40:00,10374,253427651
1774273800,2026-03-23 13:50:00,11298,255574570
1774274400,2026-03-23 14:00:00,10836,250735700
1774275000,2026-03-23 14:10:00,10542,247739725
1774275600,2026-03-23 14:20:00,10458,247246978
1774276200,2026-03-23 14:30:00,11046,247115274
1774276800,2026-03-23 14:40:00,11214,248117079
1774277400,2026-03-23 14:50:00,11298,250867576
1774278000,2026-03-23 15:00:00,11004,253049980
1774278600,2026-03-23 15:10:00,10626,254687869
1774279200,2026-03-23 15:20:00,11298,258605336
1774279800,2026-03-23 15:30:00,10878,255393023
1774280400,2026-03-23 15:40:00,11340,258481191
1774281000,2026-03-23 15:50:00,11634,258647410
1774281600,2026-03-23 16:00:00,12012,258481790
1774282200,2026-03-23 16:10:00,12012,257955744
1774282800,2026-03-23 16:20:00,12642,261015700
1774283400,2026-03-23 16:30:00,12432,261873488
1774284000,2026-03-23 16:40:00,12516,265566071
1774284600,2026-03-23 16:50:00,12180,263209026
1774285200,2026-03-23 17:00:00,12222,263995170
1774285800,2026-03-23 17:10:00,11970,264795273
1774286400,2026-03-23 17:20:00,11256,260542808
1774287000,2026-03-23 17:30:00,11298,259538321
1774287600,2026-03-23 17:40:00,10626,254834393
1774288200,2026-03-23 17:50:00,10458,255222714
1774288800,2026-03-23 18:00:00,10458,254493062
1774289400,2026-03-23 18:10:00,10710,255366953
1774290000,2026-03-23 18:20:00,10962,259528698
1774290600,2026-03-23 18:30:00,10794,260831752
1774291200,2026-03-23 18:40:00,11214,264332480
1774291800,2026-03-23 18:50:00,10836,261406299
1774292400,2026-03-23 19:00:00,11088,263845621
1774293000,2026-03-23 19:10:00,10500,259642921
1774293600,2026-03-23 19:20:00,10206,255637868
1774294200,2026-03-23 19:30:00,10122,251383103
1774294800,2026-03-23 19:40:00,11760,261496553
1774295400,2026-03-23 19:50:00,11424,260132448
1774296000,2026-03-23 20:00:00,11172,256250219
1774296600,2026-03-23 20:10:00,11046,256778207
1774297200,2026-03-23 20:20:00,10962,258431461
1774297800,2026-03-23 20:30:00,10626,256731193
1774298400,2026-03-23 20:40:00,10794,257710928
1774299000,2026-03-23 20:50:00,10248,256138053
1774299600,2026-03-23 21:00:00,9954,251294386
1774300200,2026-03-23 21:10:00,9408,247735961
1774300800,2026-03-23 21:20:00,8862,242533745
1774301400,2026-03-23 21:30:00,10164,247001852
1774302000,2026-03-23 21:40:00,9912,246579964
1774302600,2026-03-23 21:50:00,9996,251631140
1774303200,2026-03-23 22:00:00,11634,261065245
1774303800,2026-03-23 22:10:00,11760,262620085
1774304400,2026-03-23 22:20:00,11718,262571296
1774305000,2026-03-23 22:30:00,12222,266409021
1774305600,2026-03-23 22:40:00,11970,263509486
1774306200,2026-03-23 22:50:00,12012,260301883
1774306800,2026-03-23 23:00:00,13650,264102932
1774307400,2026-03-23 23:10:00,12936,261462061
1774308000,2026-03-23 23:20:00,12978,264420209
1774308600,2026-03-23 23:30:00,13230,265731593
1774309200,2026-03-23 23:40:00,12306,263282326
1774309800,2026-03-23 23:50:00,11676,263235528
1774310400,2026-03-24 00:00:00,11760,265191319
1774311000,2026-03-24 00:10:00,11088,261904990
1774311600,2026-03-24 00:20:00,11634,266241588
1774312200,2026-03-24 00:30:00,11172,263669321
1774312800,2026-03-24 00:40:00,11130,262880931
1774313400,2026-03-24 00:50:00,12054,267250953
1774314000,2026-03-24 01:00:00,11466,264686523
1774314600,2026-03-24 01:10:00,11802,267266592
1774315200,2026-03-24 01:20:00,11886,269026616
1774315800,2026-03-24 01:30:00,11382,264282327
1774316400,2026-03-24 01:40:00,11298,263839904
1774317000,2026-03-24 01:50:00,12264,271269210
1774317600,2026-03-24 02:00:00,12600,271523777
1774318200,2026-03-24 02:10:00,11928,269656200
1774318800,2026-03-24 02:20:00,12264,270915343
1774319400,2026-03-24 02:30:00,11970,268994263
1774320000,2026-03-24 02:40:00,12054,271863106
1774320600,2026-03-24 02:50:00,13314,277972626
1774321200,2026-03-24 03:00:00,12558,274044199
1774321800,2026-03-24 03:10:00,11340,266830386
1774322400,2026-03-24 03:20:00,11340,267485668
1774323000,2026-03-24 03:30:00,12054,270559745
1774323600,2026-03-24 03:40:00,11550,267966388
1774324200,2026-03-24 03:50:00,11088,265996733
1774324800,2026-03-24 04:00:00,10836,266044906
1774325400,2026-03-24 04:10:00,10752,266001103
1774326000,2026-03-24 04:20:00,10920,265039838
1774326600,2026-03-24 04:30:00,11130,266864245
1774327200,2026-03-24 04:40:00,10500,261921639
1774327800,2026-03-24 04:50:00,10206,260457498
1774328400,2026-03-24 05:00:00,9996,262589966
1774329000,2026-03-24 05:10:00,10584,264732406
1774329600,2026-03-24 05:20:00,11172,263741115
1774330200,2026-03-24 05:30:00,11298,267067093
1774330800,2026-03-24 05:40:00,11088,265975131
1774331400,2026-03-24 05:50:00,10290,259242302
1774332000,2026-03-24 06:00:00,10962,260889317
1774332600,2026-03-24 06:10:00,10500,258324120
1774333200,2026-03-24 06:20:00,10836,260608413
1774333800,2026-03-24 06:30:00,10878,261827226
1774334400,2026-03-24 06:40:00,10920,261792183
1774335000,2026-03-24 06:50:00,11592,264410723
1774335600,2026-03-24 07:00:00,11466,264572287
1774336200,2026-03-24 07:10:00,11760,269657985
1774336800,2026-03-24 07:20:00,11382,265276670
1774337400,2026-03-24 07:30:00,10668,261547685
1774338000,2026-03-24 07:40:00,10458,260251072
1774338600,2026-03-24 07:50:00,10794,257818203
1774339200,2026-03-24 08:00:00,10626,256835207
1774339800,2026-03-24 08:10:00,10416,254930462
1774340400,2026-03-24 08:20:00,10332,252696984
1774341000,2026-03-24 08:30:00,9702,247701507
1774341600,2026-03-24 08:40:00,9702,249426805
1774342200,2026-03-24 08:50:00,9828,250958893
1774342800,2026-03-24 09:00:00,9282,246320117
1774343400,2026-03-24 09:10:00,9072,242325088
1774344000,2026-03-24 09:20:00,8694,240545040
1774344600,2026-03-24 09:30:00,8862,246390323
1774345200,2026-03-24 09:40:00,9282,245993628
1774345800,2026-03-24 09:50:00,9576,246335485
1774346400,2026-03-24 10:00:00,9870,248517929
1774347000,2026-03-24 10:10:00,10416,250939167
1774347600,2026-03-24 10:20:00,10164,249079894
1774348200,2026-03-24 10:30:00,10752,249301503
1774348800,2026-03-24 10:40:00,10416,248179389
1774349400,2026-03-24 10:50:00,10458,248917041
1774350000,2026-03-24 11:00:00,11256,249278384
1774350600,2026-03-24 11:10:00,11928,253443802
1774351200,2026-03-24 11:20:00,11970,257003060
1774351800,2026-03-24 11:30:00,11508,252767577
1774352400,2026-03-24 11:40:00,11382,252849246
1774353000,2026-03-24 11:50:00,11508,254723893
1774353600,2026-03-24 12:00:00,11004,252978895
1774354200,2026-03-24 12:10:00,11718,256850080
1774354800,2026-03-24 12:20:00,11802,258265310
1774355400,2026-03-24 12:30:00,11718,256012393
1774356000,2026-03-24 12:40:00,11298,252004695
1774356600,2026-03-24 12:50:00,10962,251968969
1774357200,2026-03-24 13:00:00,11046,253038002
1774357800,2026-03-24 13:10:00,11130,256264258
1774358400,2026-03-24 13:20:00,11214,259839455
1774359000,2026-03-24 13:30:00,11046,254922681
1774359600,2026-03-24 13:40:00,11046,255040521
1774360200,2026-03-24 13:50:00,11004,256048527
1774360800,2026-03-24 14:00:00,11928,263168596
1774361400,2026-03-24 14:10:00,11970,263582153
1774362000,2026-03-24 14:20:00,10752,255946300
1774362600,2026-03-24 14:30:00,11298,259341954
1774363200,2026-03-24 14:40:00,11214,255904837
1774363800,2026-03-24 14:50:00,10794,252983416
1774364400,2026-03-24 15:00:00,10584,250735085
1774365000,2026-03-24 15:10:00,10374,249851961
1774365600,2026-03-24 15:20:00,9786,245311482
1774366200,2026-03-24 15:30:00,9996,248371776
1774366800,2026-03-24 15:40:00,10836,254974700
1774367400,2026-03-24 15:50:00,11046,256926539
1774368000,2026-03-24 16:00:00,10626,256229847
1774368600,2026-03-24 16:10:00,10584,257431270
1774369200,2026-03-24 16:20:00,10122,253316429
1774369800,2026-03-24 16:30:00,10668,257299028
1774370400,2026-03-24 16:40:00,12474,265298067
1774371000,2026-03-24 16:50:00,12054,260879738
1774371600,2026-03-24 17:00:00,11508,256380184
1774372200,2026-03-24 17:10:00,12096,257325457
1774372800,2026-03-24 17:20:00,11802,255652131
1774373400,2026-03-24 17:30:00,11088,254501082
1774374000,2026-03-24 17:40:00,10710,254125068
1774374600,2026-03-24 17:50:00,10878,255967983
1774375200,2026-03-24 18:00:00,11004,256811582
1774375800,2026-03-24 18:10:00,10500,254290517
1774376400,2026-03-24 18:20:00,11172,255815204
1774377000,2026-03-24 18:30:00,10458,251968040
1774377600,2026-03-24 18:40:00,10206,252447448
1774378200,2026-03-24 18:50:00,9744,250138435
1774378800,2026-03-24 19:00:00,10164,252344200
1774379400,2026-03-24 19:10:00,10374,251695004
1774380000,2026-03-24 19:20:00,10248,251096713
1774380600,2026-03-24 19:30:00,10458,251729073
1774381200,2026-03-24 19:40:00,10248,248476729
1774381800,2026-03-24 19:50:00,10500,252941639
1774382400,2026-03-24 20:00:00,10122,249342256
1774383000,2026-03-24 20:10:00,10962,253988866
1774383600,2026-03-24 20:20:00,11550,256813683
1774384200,2026-03-24 20:30:00,11970,261882759
1774384800,2026-03-24 20:40:00,12348,260468087
1774385400,2026-03-24 20:50:00,12432,262256312
1774386000,2026-03-24 21:00:00,12684,265214296
1774386600,2026-03-24 21:10:00,12726,264381677
1774387200,2026-03-24 21:20:00,12348,262710795
1774387800,2026-03-24 21:30:00,13272,268165560
1774388400,2026-03-24 21:40:00,12894,265514671
1774389000,2026-03-24 21:50:00,12684,263012987
1774389600,2026-03-24 22:00:00,12432,264871883
1774390200,2026-03-24 22:10:00,12516,269005365
1774390800,2026-03-24 22:20:00,11844,266250961
1774391400,2026-03-24 22:30:00,11844,267575022
1774392000,2026-03-24 22:40:00,11802,266713179
1774392600,2026-03-24 22:50:00,11298,262243668
1774393200,2026-03-24 23:00:00,10626,256739562
1774393800,2026-03-24 23:10:00,10164,256166164
1774394400,2026-03-24 23:20:00,9828,252915177
1774395000,2026-03-24 23:30:00,10542,257299313
1774395600,2026-03-24 23:40:00,9996,255484535
1774396200,2026-03-24 23:50:00,10542,258728043
1774396800,2026-03-25 00:00:00,10584,259314807
1774397400,2026-03-25 00:10:00,10542,258799083
1774398000,2026-03-25 00:20:00,10710,262455614
1774398600,2026-03-25 00:30:00,11298,266467501
1774399200,2026-03-25 00:40:00,11424,266869658
1774399800,2026-03-25 00:50:00,12894,269456675
1774400400,2026-03-25 01:00:00,12600,268254834
1774401000,2026-03-25 01:10:00,11676,261819389
1774401600,2026-03-25 01:20:00,11298,257732361
1774402200,2026-03-25 01:30:00,11718,261877126
1774402800,2026-03-25 01:40:00,12264,266359914
1774403400,2026-03-25 01:50:00,13020,272866012
1774404000,2026-03-25 02:00:00,13650,276693808
1774404600,2026-03-25 02:10:00,12978,276170358
1774405200,2026-03-25 02:20:00,12012,270618740
1774405800,2026-03-25 02:30:00,11676,268791121
1774406400,2026-03-25 02:40:00,12180,273436383
1774407000,2026-03-25 02:50:00,12012,273318897
1774407600,2026-03-25 03:00:00,12096,271222328
1774408200,2026-03-25 03:10:00,13230,273882968
1774408800,2026-03-25 03:20:00,12684,271193156
1774409400,2026-03-25 03:30:00,12138,271343551
1774410000,2026-03-25 03:40:00,11802,267355753
1774410600,2026-03-25 03:50:00,11088,265558902
1774411200,2026-03-25 04:00:00,10542,263771443
1774411800,2026-03-25 04:10:00,9996,260240170
1774412400,2026-03-25 04:20:00,10668,263083763
1774413000,2026-03-25 04:30:00,10920,264050181
1774413600,2026-03-25 04:40:00,10794,264757813
1774414200,2026-03-25 04:50:00,10038,258978265
1774414800,2026-03-25 05:00:00,9828,257188379
1774415400,2026-03-25 05:10:00,9534,254447234
1774416000,2026-03-25 05:20:00,10164,259115031
1774416600,2026-03-25 05:30:00,9198,251908735
1774417200,2026-03-25 05:40:00,9492,252837201
1774417800,2026-03-25 05:50:00,9744,255164090
1774418400,2026-03-25 06:00:00,9912,253049129
1774419000,2026-03-25 06:10:00,9492,250422413
1774419600,2026-03-25 06:20:00,10122,251986039
1774420200,2026-03-25 06:30:00,10038,253819639
1774420800,2026-03-25 06:40:00,9576,248345147
1774421400,2026-03-25 06:50:00,9618,248669056
1774422000,2026-03-25 07:00:00,10920,257045783
1774422600,2026-03-25 07:10:00,11844,264243350
1774423200,2026-03-25 07:20:00,12810,266550026
1774423800,2026-03-25 07:30:00,12264,262975417
1774424400,2026-03-25 07:40:00,11886,260025089
1774425000,2026-03-25 07:50:00,11760,261255479
1774425600,2026-03-25 08:00:00,12600,262187400
1774426200,2026-03-25 08:10:00,12516,262900639
1774426800,2026-03-25 08:20:00,12180,263021556
1774427400,2026-03-25 08:30:00,13062,263665181
1774428000,2026-03-25 08:40:00,12390,262473743
1774428600,2026-03-25 08:50:00,12432,265196921
1774429200,2026-03-25 09:00:00,11088,258110040
1774429800,2026-03-25 09:10:00,10584,256606439
1774430400,2026-03-25 09:20:00,9912,252948422
1774431000,2026-03-25 09:30:00,9828,253065219
1774431600,2026-03-25 09:40:00,10290,252942627
1774432200,2026-03-25 09:50:00,9702,247956238
1774432800,2026-03-25 10:00:00,9828,250404922
1774433400,2026-03-25 10:10:00,9114,244015607
1774434000,2026-03-25 10:20:00,8568,239562947
1774434600,2026-03-25 10:30:00,8862,241833996
1774435200,2026-03-25 10:40:00,8820,242073088
1774435800,2026-03-25 10:50:00,9030,243398200
1774436400,2026-03-25 11:00:00,9114,243665632
1774437000,2026-03-25 11:10:00,9618,246030110
1774437600,2026-03-25 11:20:00,9450,245057570
1774438200,2026-03-25 11:30:00,9870,245259638
1774438800,2026-03-25 11:40:00,9954,247326796
1774439400,2026-03-25 11:50:00,10458,247361336
1774440000,2026-03-25 12:00:00,11172,252779724
1774440600,2026-03-25 12:10:00,12810,258848298
1774441200,2026-03-25 12:20:00,13566,263762402
1774441800,2026-03-25 12:30:00,14532,270247725
1774442400,2026-03-25 12:40:00,14154,267685261
1774443000,2026-03-25 12:50:00,14406,270855244
1774443600,2026-03-25 13:00:00,14574,270681247
1774444200,2026-03-25 13:10:00,13860,268949903
1774444800,2026-03-25 13:20:00,14952,275964549
1774445400,2026-03-25 13:30:00,15918,283146781
1774446000,2026-03-25 13:40:00,15246,281590221
1774446600,2026-03-25 13:50:00,14406,281444124
1774447200,2026-03-25 14:00:00,13734,281431050
1774447800,2026-03-25 14:10:00,13818,282006306
1774448400,2026-03-25 14:20:00,13146,282214637
1774449000,2026-03-25 14:30:00,13440,282652543
1774449600,2026-03-25 14:40:00,13650,283221318
1774450200,2026-03-25 14:50:00,12978,280895027
1774450800,2026-03-25 15:00:00,12978,278544083
1774451400,2026-03-25 15:10:00,12054,274963618
1774452000,2026-03-25 15:20:00,12222,281236507
1774452600,2026-03-25 15:30:00,12054,282243138
1774453200,2026-03-25 15:40:00,11718,279567715
1553472000,2019-03-25 00:00:00,1540253,3233948982
1553558400,2019-03-26 00:00:00,1558608,3389897131
1553644800,2019-03-27 00:00:00,1671890,3423072094
1553731200,2019-03-28 00:00:00,1599998,3219983651
1553817600,2019-03-29 00:00:00,1595455,3247796374
1553904000,2019-03-30 00:00:00,1601322,2544038975
1553990400,2019-03-31 00:00:00,1798512,2716120502
1554076800,2019-04-01 00:00:00,1911084,3305901090
1554163200,2019-04-02 00:00:00,1897265,3551031502
1554249600,2019-04-03 00:00:00,1890825,3741908759
1554336000,2019-04-04 00:00:00,1876913,3734803361
1554422400,2019-04-05 00:00:00,1787896,3457539640
1554508800,2019-04-06 00:00:00,1882601,3353875551
1554595200,2019-04-07 00:00:00,1769464,3063636872
1554681600,2019-04-08 00:00:00,1772396,3177045407
1554768000,2019-04-09 00:00:00,1713652,3016526264
1554854400,2019-04-10 00:00:00,1736327,3101019220
1554940800,2019-04-11 00:00:00,1780692,3211967162
1555027200,2019-04-12 00:00:00,1806191,3153117121
1555113600,2019-04-13 00:00:00,1773662,3192000508
1555200000,2019-04-14 00:00:00,1855801,3359623727
1555286400,2019-04-15 00:00:00,1889784,3282458591
1555372800,2019-04-16 00:00:00,1918837,3235534232
1555459200,2019-04-17 00:00:00,1938160,3218703933
1555545600,2019-04-18 00:00:00,1892758,3148682219
1555632000,2019-04-19 00:00:00,1985297,3336514204
1555718400,2019-04-20 00:00:00,1859245,3085317739
1555804800,2019-04-21 00:00:00,1889017,3156801816
1555891200,2019-04-22 00:00:00,1939555,3108425929
1555977600,2019-04-23 00:00:00,1897923,3069342406
1556064000,2019-04-24 00:00:00,1879034,3096785931
1556150400,2019-04-25 00:00:00,1823369,2958129030
1556236800,2019-04-26 00:00:00,1820116,2974755296
1556323200,2019-04-27 00:00:00,1800813,3005433898
1556409600,2019-04-28 00:00:00,1830406,3160539685
1556496000,2019-04-29 00:00:00,1725502,3024531993
1556582400,2019-04-30 00:00:00,1634470,2985767826
1556668800,2019-05-01 00:00:00,1728943,3015289965
1556755200,2019-05-02 00:00:00,1733163,2961754401
1556841600,2019-05-03 00:00:00,1717529,2986778453
1556928000,2019-05-04 00:00:00,1682020,3025095498
1557014400,2019-05-05 00:00:00,1645769,2807045407
1557100800,2019-05-06 00:00:00,1714436,2940270361
1557187200,2019-05-07 00:00:00,1603880,2848989841
1557273600,2019-05-08 00:00:00,1581309,2907455717
1557360000,2019-05-09 00:00:00,1601380,2897983481
1557446400,2019-05-10 00:00:00,1555310,2731944463
1557532800,2019-05-11 00:00:00,1447150,2535419212
1557619200,2019-05-12 00:00:00,1440428,2673100381
1557705600,2019-05-13 00:00:00,1375106,2651875546
1557792000,2019-05-14 00:00:00,1338391,2565039906
1557878400,2019-05-15 00:00:00,1222804,2531276293
1557964800,2019-05-16 00:00:00,1041988,2256580373
1558051200,2019-05-17 00:00:00,984832,1816426289
1558137600,2019-05-18 00:00:00,1109514,2027726954
1558224000,2019-05-19 00:00:00,1086321,2016244729
1558310400,2019-05-20 00:00:00,1184706,2194674787
1558396800,2019-05-21 00:00:00,1283715,2499449087
1558483200,2019-05-22 00:00:00,1319999,2606535964
1558569600,2019-05-23 00:00:00,1341846,2621485781
1558656000,2019-05-24 00:00:00,1348987,2592853397
1558742400,2019-05-25 00:00:00,1303847,2159849385
1558828800,2019-05-26 00:00:00,1263323,1981926054
1558915200,2019-05-27 00:00:00,1223089,1966759331
1559001600,2019-05-28 00:00:00,1231245,2066936137
1559088000,2019-05-29 00:00:00,1278278,2025855309
1559174400,2019-05-30 00:00:00,1237123,2008479112
1559260800,2019-05-31 00:00:00,1265088,2149537540
1559347200,2019-06-01 00:00:00,1174092,2071466592
1559433600,2019-06-02 00:00:00,1189597,1996395236
1559520000,2019-06-03 00:00:00,1126324,1870887708
1559606400,2019-06-04 00:00:00,1105447,1895500613
1559692800,2019-06-05 00:00:00,1090734,1908028134
1559779200,2019-06-06 00:00:00,1108614,2011126855
1559865600,2019-06-07 00:00:00,1158096,2050972228
1559952000,2019-06-08 00:00:00,1377138,2528580815
1560038400,2019-06-09 00:00:00,1547134,3269390328
1560124800,2019-06-10 00:00:00,1429665,3222742527
1560211200,2019-06-11 00:00:00,1275519,2221339859
1560297600,2019-06-12 00:00:00,1437707,2344779580
1560384000,2019-06-13 00:00:00,1457160,2298599245
1560470400,2019-06-14 00:00:00,1478713,2530169420
1560556800,2019-06-15 00:00:00,1586937,3117906487
1560643200,2019-06-16 00:00:00,1625485,3219293030
1560729600,2019-06-17 00:00:00,1919413,3669101786
1560816000,2019-06-18 00:00:00,2069826,3993436489
1560902400,2019-06-19 00:00:00,2152996,3895508829
1560988800,2019-06-20 00:00:00,2028014,3555420611
1561075200,2019-06-21 00:00:00,2020772,3737404775
1561161600,2019-06-22 00:00:00,1957545,3596498724
1561248000,2019-06-23 00:00:00,2002940,3721731729
1561334400,2019-06-24 00:00:00,2147395,3809741041
1561420800,2019-06-25 00:00:00,1929349,3786602252
1561507200,2019-06-26 00:00:00,1471823,2907822926
1561593600,2019-06-27 00:00:00,1405781,2626944056
1561680000,2019-06-28 00:00:00,1487821,2781063599
1561766400,2019-06-29 00:00:00,1489942,2745469607
1561852800,2019-06-30 00:00:00,1485655,2778299231
1561939200,2019-07-01 00:00:00,1578750,2830769984
1562025600,2019-07-02 00:00:00,1547608,2877628859
1562112000,2019-07-03 00:00:00,1591187,2942426454
1562198400,2019-07-04 00:00:00,2013086,3421796105
1562284800,2019-07-05 00:00:00,1992760,3790945244
1562371200,2019-07-06 00:00:00,1884813,3850090612
1562457600,2019-07-07 00:00:00,1908976,3821266937
1562544000,2019-07-08 00:00:00,1893404,3715379087
1562630400,2019-07-09 00:00:00,1857214,3490622845
1562716800,2019-07-10 00:00:00,1882501,3161142012
1562803200,2019-07-11 00:00:00,1669748,3071919932
1562889600,2019-07-12 00:00:00,1650758,2903858600
1562976000,2019-07-13 00:00:00,1677503,2746177885
1563062400,2019-07-14 00:00:00,1684651,2848270148
1563148800,2019-07-15 00:00:00,1646856,2921718191
1563235200,2019-07-16 00:00:00,1577460,2858207102
1563321600,2019-07-17 00:00:00,1596877,2885181162
1563408000,2019-07-18 00:00:00,2257981,3222854704
1563494400,2019-07-19 00:00:00,2720528,2878731588
1563580800,2019-07-20 00:00:00,2834576,2769269760
1563667200,2019-07-21 00:00:00,2918439,2660211468
1563753600,2019-07-22 00:00:00,2848563,2625650358
1563840000,2019-07-23 00:00:00,2827381,2685193989
1563926400,2019-07-24 00:00:00,2940374,2718617468
1564012800,2019-07-25 00:00:00,3222160,2778264193
1564099200,2019-07-26 00:00:00,3548408,3017363202
1564185600,2019-07-27 00:00:00,3608262,3163953707
1564272000,2019-07-28 00:00:00,3448730,3259170827
1564358400,2019-07-29 00:00:00,3526732,3331432523
1564444800,2019-07-30 00:00:00,3678389,3216224152
1564531200,2019-07-31 00:00:00,3504302,3123377878
1564617600,2019-08-01 00:00:00,3678667,3235669230
1564704000,2019-08-02 00:00:00,3888329,3391374989
1564790400,2019-08-03 00:00:00,5774051,4426754904
1564876800,2019-08-04 00:00:00,5320854,4332567546
1564963200,2019-08-05 00:00:00,4712993,4111960566
1565049600,2019-08-06 00:00:00,4848023,3942654622
1565136000,2019-08-07 00:00:00,4931309,3999660425
1565222400,2019-08-08 00:00:00,5173500,4042853111
1565308800,2019-08-09 00:00:00,4774263,3960411183
1565395200,2019-08-10 00:00:00,4761357,3951382515
1565481600,2019-08-11 00:00:00,4571888,3852656743
1565568000,2019-08-12 00:00:00,5105668,3902508678
1565654400,2019-08-13 00:00:00,4875255,3908654202
1565740800,2019-08-14 00:00:00,4680360,3843175800
1565827200,2019-08-15 00:00:00,5163696,4046096774
1565913600,2019-08-16 00:00:00,4658805,3722314231
1566000000,2019-08-17 00:00:00,4919685,3907971622
1566086400,2019-08-18 00:00:00,4682521,3270856242
1566172800,2019-08-19 00:00:00,5082188,3396670845
1566259200,2019-08-20 00:00:00,4872604,3506360682
1566345600,2019-08-21 00:00:00,4715034,3553694571
1566432000,2019-08-22 00:00:00,4613016,3466227110
1566518400,2019-08-23 00:00:00,4600224,3345811846
1566604800,2019-08-24 00:00:00,4661840,3460690765
1566691200,2019-08-25 00:00:00,4892177,3673535402
1566777600,2019-08-26 00:00:00,4732692,3345605108
1566864000,2019-08-27 00:00:00,5004899,3304267615
1566950400,2019-08-28 00:00:00,5010444,3297941880
1567036800,2019-08-29 00:00:00,4491067,3543962240
1567123200,2019-08-30 00:00:00,4393411,3726256578
1567209600,2019-08-31 00:00:00,4568357,3764490669
1567296000,2019-09-01 00:00:00,4178013,3549697160
1567382400,2019-09-02 00:00:00,4428395,3543515636
1567468800,2019-09-03 00:00:00,4574344,3565357593
1567555200,2019-09-04 00:00:00,4668370,3609616878
1567641600,2019-09-05 00:00:00,4455185,3445867473
1567728000,2019-09-06 00:00:00,4587738,3493337192
1567814400,2019-09-07 00:00:00,4662900,3480745332
1567900800,2019-09-08 00:00:00,4829490,3491875892
1567987200,2019-09-09 00:00:00,4559802,3476323153
1568073600,2019-09-10 00:00:00,4519494,3516159255
1568160000,2019-09-11 00:00:00,4677068,3333220285
1568246400,2019-09-12 00:00:00,3545098,3008947657
1568332800,2019-09-13 00:00:00,3044515,3186998471
1568419200,2019-09-14 00:00:00,3218752,3233841577
1568505600,2019-09-15 00:00:00,3305016,3369338781
1568592000,2019-09-16 00:00:00,3177110,3234935481
1568678400,2019-09-17 00:00:00,3269526,3137194025
1568764800,2019-09-18 00:00:00,2996830,2866645548
1568851200,2019-09-19 00:00:00,3008267,2719538805
1568937600,2019-09-20 00:00:00,2993277,2750629898
1569024000,2019-09-21 00:00:00,3088009,2837258792
1569110400,2019-09-22 00:00:00,3182320,2946712888
1569196800,2019-09-23 00:00:00,3073325,2835111878
1569283200,2019-09-24 00:00:00,2979139,2704201476
1569369600,2019-09-25 00:00:00,2957351,2687940574
1569456000,2019-09-26 00:00:00,3022718,2730252648
1569542400,2019-09-27 00:00:00,3109930,2847577434
1569628800,2019-09-28 00:00:00,3056993,2719272032
1569715200,2019-09-29 00:00:00,3052883,2658177610
1569801600,2019-09-30 00:00:00,2875958,2636144119
1569888000,2019-10-01 00:00:00,2789915,2643730756
1569974400,2019-10-02 00:00:00,2581080,2150379970
1570060800,2019-10-03 00:00:00,2595024,2075684211
1570147200,2019-10-04 00:00:00,2618246,2127723038
1570233600,2019-10-05 00:00:00,2662941,2248460970
1570320000,2019-10-06 00:00:00,2625614,2112799006
1570406400,2019-10-07 00:00:00,2613440,2218364479
1570492800,2019-10-08 00:00:00,2715334,2282942663
1570579200,2019-10-09 00:00:00,2591975,2177044777
1570665600,2019-10-10 00:00:00,2078225,1938167510
1570752000,2019-10-11 00:00:00,2559312,2106231245
1570838400,2019-10-12 00:00:00,2572866,2156387664
1570924800,2019-10-13 00:00:00,2515976,2122673088
1571011200,2019-10-14 00:00:00,2549307,2130668576
1571097600,2019-10-15 00:00:00,2590714,2140428120
1571184000,2019-10-16 00:00:00,2502090,2037242555
1571270400,2019-10-17 00:00:00,2426831,2061372978
1571356800,2019-10-18 00:00:00,2379531,2036662704
1571443200,2019-10-19 00:00:00,2390473,1983930542
1571529600,2019-10-20 00:00:00,2270015,1967689191
1571616000,2019-10-21 00:00:00,2223983,1905999312
1571702400,2019-10-22 00:00:00,2343189,1982465652
1571788800,2019-10-23 00:00:00,2384964,1960855204
1571875200,2019-10-24 00:00:00,2367007,1937654576
1571961600,2019-10-25 00:00:00,2342986,1898360990
1572048000,2019-10-26 00:00:00,2319842,1930872953
1572134400,2019-10-27 00:00:00,2268516,1853431685
1572220800,2019-10-28 00:00:00,2430375,1949090879
1572307200,2019-10-29 00:00:00,2398483,1908452068
1572393600,2019-10-30 00:00:00,2155145,1849663808
1572480000,2019-10-31 00:00:00,2030148,1794616706
1572566400,2019-11-01 00:00:00,2094133,1837791341
1572652800,2019-11-02 00:00:00,2162351,1883005080
1572739200,2019-11-03 00:00:00,2184155,1895201259
1572825600,2019-11-04 00:00:00,2311655,1950489900
1572912000,2019-11-05 00:00:00,2253184,1957562865
1572998400,2019-11-06 00:00:00,2389463,2016772990
1573084800,2019-11-07 00:00:00,2303053,1983085090
1573171200,2019-11-08 00:00:00,2399230,2038863798
1573257600,2019-11-09 00:00:00,2365802,2039647539
1573344000,2019-11-10 00:00:00,2354362,1990577747
1573430400,2019-11-11 00:00:00,2388598,1947283541
1573516800,2019-11-12 00:00:00,2522265,2098693927
1573603200,2019-11-13 00:00:00,2839465,2219130631
1573689600,2019-11-14 00:00:00,3054107,2139113064
1573776000,2019-11-15 00:00:00,3049837,2317729821
1573862400,2019-11-16 00:00:00,2929036,2266124736
1573948800,2019-11-17 00:00:00,2985907,2300294705
1574035200,2019-11-18 00:00:00,2757306,2084509486
1574121600,2019-11-19 00:00:00,2820861,2336036952
1574208000,2019-11-20 00:00:00,2643797,2236438658
1574294400,2019-11-21 00:00:00,2633763,2232404506
1574380800,2019-11-22 00:00:00,2492690,2060320519
1574467200,2019-11-23 00:00:00,2587388,2108298048
1574553600,2019-11-24 00:00:00,2585748,2156116730
1574640000,2019-11-25 00:00:00,2615239,2167585252
1574726400,2019-11-26 00:00:00,2499365,2216255396
1574812800,2019-11-27 00:00:00,2398951,2087619801
1574899200,2019-11-28 00:00:00,2440242,2110804034
1574985600,2019-11-29 00:00:00,2521015,2141650930
1575072000,2019-11-30 00:00:00,2692831,2156337844
1575158400,2019-12-01 00:00:00,2608014,2220490466
1575244800,2019-12-02 00:00:00,2733230,2302128386
1575331200,2019-12-03 00:00:00,2612204,2134991347
1575417600,2019-12-04 00:00:00,2588329,2108540673
1575504000,2019-12-05 00:00:00,2622831,2266056337
1575590400,2019-12-06 00:00:00,2650707,2137252734
1575676800,2019-12-07 00:00:00,2640049,2171502558
1575763200,2019-12-08 00:00:00,2517698,2130397371
1575849600,2019-12-09 00:00:00,2616120,2184707088
1575936000,2019-12-10 00:00:00,2853633,2273377310
1576022400,2019-12-11 00:00:00,2825556,2276422207
1576108800,2019-12-12 00:00:00,2784314,2342701640
1576195200,2019-12-13 00:00:00,2839885,2372723861
1576281600,2019-12-14 00:00:00,2917824,2380297893
1576368000,2019-12-15 00:00:00,2919826,2300072876
1576454400,2019-12-16 00:00:00,2955986,2365713657
1576540800,2019-12-17 00:00:00,3004742,2357905357
1576627200,2019-12-18 00:00:00,2785244,2277454998
1576713600,2019-12-19 00:00:00,2737479,2233019438
1576800000,2019-12-20 00:00:00,2657581,2103322060
1576886400,2019-12-21 00:00:00,2719872,2144365059
1576972800,2019-12-22 00:00:00,2485952,2127466648
1577059200,2019-12-23 00:00:00,2716243,2204173651
1577145600,2019-12-24 00:00:00,2598199,2158910177
1577232000,2019-12-25 00:00:00,2659522,2216979153
1577318400,2019-12-26 00:00:00,2740977,2236285398
1577404800,2019-12-27 00:00:00,2618664,2217117798
1577491200,2019-12-28 00:00:00,2890355,2400410750
1577577600,2019-12-29 00:00:00,2956769,2397887613
1577664000,2019-12-30 00:00:00,2844214,2341288618
1577750400,2019-12-31 00:00:00,2765083,2343266689
1577836800,2020-01-01 00:00:00,2792108,2131662586
1577923200,2020-01-02 00:00:00,2660428,2217233217
1578009600,2020-01-03 00:00:00,2617156,2224990424
1578096000,2020-01-04 00:00:00,2358661,2155480875
1578182400,2020-01-05 00:00:00,2625140,2261073773
1578268800,2020-01-06 00:00:00,2609442,2290377730
1578355200,2020-01-07 00:00:00,2447762,2119045321
1578441600,2020-01-08 00:00:00,2457421,2144919302
1578528000,2020-01-09 00:00:00,2451877,2085122120
1578614400,2020-01-10 00:00:00,2489278,2205323183
1578700800,2020-01-11 00:00:00,2450131,2168063928
1578787200,2020-01-12 00:00:00,2486777,2141771912
1578873600,2020-01-13 00:00:00,2435140,2122012402
1578960000,2020-01-14 00:00:00,2301037,2002447338
1579046400,2020-01-15 00:00:00,2240357,1833318200
1579132800,2020-01-16 00:00:00,946194,1502639978
1579219200,2020-01-17 00:00:00,533318,1901894532
1579305600,2020-01-18 00:00:00,597738,1928080031
1579392000,2020-01-19 00:00:00,595060,1935425244
1579478400,2020-01-20 00:00:00,580637,1928331348
1579564800,2020-01-21 00:00:00,595260,1894700268
1579651200,2020-01-22 00:00:00,614323,1842533770
1579737600,2020-01-23 00:00:00,607312,1857921771
1579824000,2020-01-24 00:00:00,617332,1776245966
1579910400,2020-01-25 00:00:00,676922,1812377102
1579996800,2020-01-26 00:00:00,647665,1752345732
1580083200,2020-01-27 00:00:00,626872,1735766400
1580169600,2020-01-28 00:00:00,624867,1706271953
1580256000,2020-01-29 00:00:00,551583,1647902605
1580342400,2020-01-30 00:00:00,539699,1674846473
1580428800,2020-01-31 00:00:00,558916,1637128024
1580515200,2020-02-01 00:00:00,578287,1685986214
1580601600,2020-02-02 00:00:00,580349,1787139705
1580688000,2020-02-03 00:00:00,576048,1566674908
1580774400,2020-02-04 00:00:00,573237,1603201198
1580860800,2020-02-05 00:00:00,566502,1566746121
1580947200,2020-02-06 00:00:00,562834,1398736289
1581033600,2020-02-07 00:00:00,581173,1500375091
1581120000,2020-02-08 00:00:00,616010,1534382893
1581206400,2020-02-09 00:00:00,607419,1427419723
1581292800,2020-02-10 00:00:00,598634,1308409660
1581379200,2020-02-11 00:00:00,584882,1377249800
1581465600,2020-02-12 00:00:00,557651,1340715032
1581552000,2020-02-13 00:00:00,575923,1309923813
1581638400,2020-02-14 00:00:00,553478,1282149155
1581724800,2020-02-15 00:00:00,561784,1316962994
1581811200,2020-02-16 00:00:00,540561,1244250848
1581897600,2020-02-17 00:00:00,563385,1332274714
1581984000,2020-02-18 00:00:00,542115,1350619693
1582070400,2020-02-19 00:00:00,510065,1296286060
1582156800,2020-02-20 00:00:00,524761,1239728715
1582243200,2020-02-21 00:00:00,515827,1137212662
1582329600,2020-02-22 00:00:00,515756,1164257903
1582416000,2020-02-23 00:00:00,504872,1197635261
1582502400,2020-02-24 00:00:00,510216,1214877748
1582588800,2020-02-25 00:00:00,483598,1058611775
1582675200,2020-02-26 00:00:00,506227,1161099013
1582761600,2020-02-27 00:00:00,526636,1248843621
1582848000,2020-02-28 00:00:00,509850,1150451061
1582934400,2020-02-29 00:00:00,526830,1240964712
1583020800,2020-03-01 00:00:00,518441,1169268813
1583107200,2020-03-02 00:00:00,513109,1224175691
1583193600,2020-03-03 00:00:00,531984,1288335937
1583280000,2020-03-04 00:00:00,522839,1192527163
1583366400,2020-03-05 00:00:00,527313,1229802724
1583452800,2020-03-06 00:00:00,515313,1192403219
1583539200,2020-03-07 00:00:00,520947,1231222981
1583625600,2020-03-08 00:00:00,503736,1191172337
1583712000,2020-03-09 00:00:00,458925,1048488739
1583798400,2020-03-10 00:00:00,455026,1074206883
1583884800,2020-03-11 00:00:00,459428,1054084254
1583971200,2020-03-12 00:00:00,441783,951119884
1584057600,2020-03-13 00:00:00,402283,873674876
1584144000,2020-03-14 00:00:00,419261,907862739
1584230400,2020-03-15 00:00:00,427540,923625157
1584316800,2020-03-16 00:00:00,411377,885258566
1584403200,2020-03-17 00:00:00,425235,904512925
1584489600,2020-03-18 00:00:00,439883,918246601
1584576000,2020-03-19 00:00:00,435071,888377404
1584662400,2020-03-20 00:00:00,425210,894302867
1584748800,2020-03-21 00:00:00,419698,895864279
1584835200,2020-03-22 00:00:00,461801,862712126
1584921600,2020-03-23 00:00:00,433481,865357345
1585008000,2020-03-24 00:00:00,435272,852809511
1585094400,2020-03-25 00:00:00,423676,820028480
1585180800,2020-03-26 00:00:00,410239,794374683
1585267200,2020-03-27 00:00:00,405468,711859246
1585353600,2020-03-28 00:00:00,402417,706136247
1585440000,2020-03-29 00:00:00,401062,706478599
1585526400,2020-03-30 00:00:00,407573,714421832
1585612800,2020-03-31 00:00:00,387447,641017107
1585699200,2020-04-01 00:00:00,400411,671133714
1585785600,2020-04-02 00:00:00,380233,645832795
1585872000,2020-04-03 00:00:00,375110,628239625
1585958400,2020-04-04 00:00:00,363738,619012866
1586044800,2020-04-05 00:00:00,388145,612598848
1586131200,2020-04-06 00:00:00,372178,643382393
1586217600,2020-04-07 00:00:00,392233,654536583
1586304000,2020-04-08 00:00:00,434945,786324608
1586390400,2020-04-09 00:00:00,405088,803264250
1586476800,2020-04-10 00:00:00,391776,732924016
1586563200,2020-04-11 00:00:00,400301,709604561
1586649600,2020-04-12 00:00:00,392944,723968062
1586736000,2020-04-13 00:00:00,407480,771134965
1586822400,2020-04-14 00:00:00,393951,754749200
1586908800,2020-04-15 00:00:00,385367,709931911
1586995200,2020-04-16 00:00:00,395764,733031428
1587081600,2020-04-17 00:00:00,390684,705000584
1587168000,2020-04-18 00:00:00,390621,708063818
1587254400,2020-04-19 00:00:00,369997,706988229
1587340800,2020-04-20 00:00:00,374619,679484958
1587427200,2020-04-21 00:00:00,362323,684920512
1587513600,2020-04-22 00:00:00,371628,702157309
1587600000,2020-04-23 00:00:00,359808,677175840
1587686400,2020-04-24 00:00:00,391209,667045368
1587772800,2020-04-25 00:00:00,353267,644188902
1587859200,2020-04-26 00:00:00,356802,644662627
1587945600,2020-04-27 00:00:00,354043,647481056
1588032000,2020-04-28 00:00:00,330367,663132623
1588118400,2020-04-29 00:00:00,342086,647452754
1588204800,2020-04-30 00:00:00,333823,642523991
1588291200,2020-05-01 00:00:00,333971,638506507
1588377600,2020-05-02 00:00:00,338705,645548639
1588464000,2020-05-03 00:00:00,345683,650103649
1588550400,2020-05-04 00:00:00,347314,667101312
1588636800,2020-05-05 00:00:00,343159,658785287
1588723200,2020-05-06 00:00:00,317143,620028367
1588809600,2020-05-07 00:00:00,275839,480751897
1588896000,2020-05-08 00:00:00,276408,452194037
1588982400,2020-05-09 00:00:00,300858,490326908
1589068800,2020-05-10 00:00:00,297160,494587696
1589155200,2020-05-11 00:00:00,290979,501898751
1589241600,2020-05-12 00:00:00,272807,513765943
1589328000,2020-05-13 00:00:00,272658,481790694
1589414400,2020-05-14 00:00:00,268835,496139594
1589500800,2020-05-15 00:00:00,271671,498975137
1589587200,2020-05-16 00:00:00,278242,523490071
1589673600,2020-05-17 00:00:00,275173,534726992
1589760000,2020-05-18 00:00:00,258704,530131441
1589846400,2020-05-19 00:00:00,279163,517346450
1589932800,2020-05-20 00:00:00,266876,522013589
1590019200,2020-05-21 00:00:00,261308,497879712
1590105600,2020-05-22 00:00:00,266848,530443581
1590192000,2020-05-23 00:00:00,261138,518778761
1590278400,2020-05-24 00:00:00,281644,533771123
1590364800,2020-05-25 00:00:00,259235,508097463
1590451200,2020-05-26 00:00:00,297572,507039145
1590537600,2020-05-27 00:00:00,272118,498195190
1590624000,2020-05-28 00:00:00,273579,526649765
1590710400,2020-05-29 00:00:00,283563,513992960
1590796800,2020-05-30 00:00:00,281591,510141042
1590883200,2020-05-31 00:00:00,269670,529361158
1590969600,2020-06-01 00:00:00,262305,515587019
1591056000,2020-06-02 00:00:00,268646,535081871
1591142400,2020-06-03 00:00:00,268770,531575390
1591228800,2020-06-04 00:00:00,287858,539320127
1591315200,2020-06-05 00:00:00,302834,538735591
1591401600,2020-06-06 00:00:00,260330,532131686
1591488000,2020-06-07 00:00:00,261107,511823951
1591574400,2020-06-08 00:00:00,256342,499044413
1591660800,2020-06-09 00:00:00,240063,470651019
1591747200,2020-06-10 00:00:00,246629,450993737
1591833600,2020-06-11 00:00:00,234910,445266600
1591920000,2020-06-12 00:00:00,243452,447556902
1592006400,2020-06-13 00:00:00,247626,451856185
1592092800,2020-06-14 00:00:00,232376,447799442
1592179200,2020-06-15 00:00:00,239195,441390793
1592265600,2020-06-16 00:00:00,247725,439381800
1592352000,2020-06-17 00:00:00,231343,430449128
1592438400,2020-06-18 00:00:00,232363,423637323
1592524800,2020-06-19 00:00:00,271957,443150487
1592611200,2020-06-20 00:00:00,252206,435698561
1592697600,2020-06-21 00:00:00,240651,445123374
1592784000,2020-06-22 00:00:00,247364,467612605
1592870400,2020-06-23 00:00:00,245810,454554628
1592956800,2020-06-24 00:00:00,245528,464456254
1593043200,2020-06-25 00:00:00,237837,471258491
1593129600,2020-06-26 00:00:00,247641,489784669
1593216000,2020-06-27 00:00:00,235916,448568891
1593302400,2020-06-28 00:00:00,233765,423307004
1593388800,2020-06-29 00:00:00,242388,419949238
1593475200,2020-06-30 00:00:00,225834,428840351
1593561600,2020-07-01 00:00:00,232075,429332764
1593648000,2020-07-02 00:00:00,247738,423302103
1593734400,2020-07-03 00:00:00,226988,424459487
1593820800,2020-07-04 00:00:00,215043,440492386
1593907200,2020-07-05 00:00:00,220261,395344361
1593993600,2020-07-06 00:00:00,215004,408225653
1594080000,2020-07-07 00:00:00,211538,433762200
1594166400,2020-07-08 00:00:00,213037,426875283
1594252800,2020-07-09 00:00:00,207302,439857792
1594339200,2020-07-10 00:00:00,217371,443199069
1594425600,2020-07-11 00:00:00,235405,442146020
1594512000,2020-07-12 00:00:00,232463,463726112
1594598400,2020-07-13 00:00:00,227484,444670097
1594684800,2020-07-14 00:00:00,234775,435766815
1594771200,2020-07-15 00:00:00,244225,441030417
1594857600,2020-07-16 00:00:00,214230,427840971
1594944000,2020-07-17 00:00:00,89569,380813895
1595030400,2020-07-18 00:00:00,88935,427649100
1595116800,2020-07-19 00:00:00,80180,420258066
1595203200,2020-07-20 00:00:00,77381,399873695
1595289600,2020-07-21 00:00:00,90562,407629819
1595376000,2020-07-22 00:00:00,84817,393850465
1595462400,2020-07-23 00:00:00,76855,391340577
1595548800,2020-07-24 00:00:00,78748,395844094
1595635200,2020-07-25 00:00:00,81636,398435963
1595721600,2020-07-26 00:00:00,76165,338072189
1595808000,2020-07-27 00:00:00,77004,325647353
1595894400,2020-07-28 00:00:00,74506,329570705
1595980800,2020-07-29 00:00:00,73903,344570434
1596067200,2020-07-30 00:00:00,72640,335934547
1596153600,2020-07-31 00:00:00,81910,313968814
1596240000,2020-08-01 00:00:00,75753,311051838
1596326400,2020-08-02 00:00:00,73187,339080082
1596412800,2020-08-03 00:00:00,76124,337275838
1596499200,2020-08-04 00:00:00,78574,359244476
1596585600,2020-08-05 00:00:00,76057,350480816
1596672000,2020-08-06 00:00:00,72432,322904119
1596758400,2020-08-07 00:00:00,83702,350583525
1596844800,2020-08-08 00:00:00,84718,348219300
1596931200,2020-08-09 00:00:00,82060,372590727
1597017600,2020-08-10 00:00:00,79143,367612794
1597104000,2020-08-11 00:00:00,81540,381312722
1597190400,2020-08-12 00:00:00,78390,360383574
1597276800,2020-08-13 00:00:00,69658,301215029
1597363200,2020-08-14 00:00:00,68415,289699638
1597449600,2020-08-15 00:00:00,73896,313101038
1597536000,2020-08-16 00:00:00,75856,321273709
1597622400,2020-08-17 00:00:00,73331,316752046
1597708800,2020-08-18 00:00:00,69654,287105628
1597795200,2020-08-19 00:00:00,68086,298701813
1597881600,2020-08-20 00:00:00,73364,312046843
1597968000,2020-08-21 00:00:00,69282,306891220
1598054400,2020-08-22 00:00:00,74461,330612723
1598140800,2020-08-23 00:00:00,77722,343509188
1598227200,2020-08-24 00:00:00,76818,341186662
1598313600,2020-08-25 00:00:00,72960,332025351
1598400000,2020-08-26 00:00:00,73412,342327138
1598486400,2020-08-27 00:00:00,71386,336482557
1598572800,2020-08-28 00:00:00,70527,335739420
1598659200,2020-08-29 00:00:00,66245,317929269
1598745600,2020-08-30 00:00:00,59356,285531694
1598832000,2020-08-31 00:00:00,54855,264927173
1598918400,2020-09-01 00:00:00,50036,207416725
1599004800,2020-09-02 00:00:00,46827,174960102
1599091200,2020-09-03 00:00:00,42882,188570520
1599177600,2020-09-04 00:00:00,49335,223551636
1599264000,2020-09-05 00:00:00,51794,226004911
1599350400,2020-09-06 00:00:00,58591,266701655
1599436800,2020-09-07 00:00:00,58819,277125972
1599523200,2020-09-08 00:00:00,59161,285159007
1599609600,2020-09-09 00:00:00,61670,290093868
1599696000,2020-09-10 00:00:00,52311,261214373
1599782400,2020-09-11 00:00:00,55685,273564468
1599868800,2020-09-12 00:00:00,60128,289426381
1599955200,2020-09-13 00:00:00,60299,290315834
1600041600,2020-09-14 00:00:00,53875,259838160
1600128000,2020-09-15 00:00:00,52582,254533720
1600214400,2020-09-16 00:00:00,54322,260446980
1600300800,2020-09-17 00:00:00,44027,184433531
1600387200,2020-09-18 00:00:00,44838,198431905
1600473600,2020-09-19 00:00:00,48896,243691570
1600560000,2020-09-20 00:00:00,54744,268888637
1600646400,2020-09-21 00:00:00,53970,262327049
1600732800,2020-09-22 00:00:00,54652,259337963
1600819200,2020-09-23 00:00:00,55976,272127438
1600905600,2020-09-24 00:00:00,58412,280949789
1600992000,2020-09-25 00:00:00,57077,272560386
1601078400,2020-09-26 00:00:00,58459,273653515
1601164800,2020-09-27 00:00:00,58848,272625922
1601251200,2020-09-28 00:00:00,57248,273410961
1601337600,2020-09-29 00:00:00,53536,253540679
1601424000,2020-09-30 00:00:00,54971,263837044
1601510400,2020-10-01 00:00:00,56792,267391040
1601596800,2020-10-02 00:00:00,57278,279596403
1601683200,2020-10-03 00:00:00,59870,288169837
1601769600,2020-10-04 00:00:00,60945,279351104
1601856000,2020-10-05 00:00:00,62746,276649495
1601942400,2020-10-06 00:00:00,63674,283574457
1602028800,2020-10-07 00:00:00,59586,284950150
1602115200,2020-10-08 00:00:00,62863,287979522
1602201600,2020-10-09 00:00:00,61770,281027738
1602288000,2020-10-10 00:00:00,59530,263822324
1602374400,2020-10-11 00:00:00,62177,275670324
1602460800,2020-10-12 00:00:00,61223,279912292
1602547200,2020-10-13 00:00:00,60255,287101217
1602633600,2020-10-14 00:00:00,64174,295299138
1602720000,2020-10-15 00:00:00,60015,274062553
1602806400,2020-10-16 00:00:00,57378,271958251
1602892800,2020-10-17 00:00:00,60042,275916448
1602979200,2020-10-18 00:00:00,57160,272053514
1603065600,2020-10-19 00:00:00,58671,275870822
1603152000,2020-10-20 00:00:00,58490,270244426
1603238400,2020-10-21 00:00:00,57417,266231701
1603324800,2020-10-22 00:00:00,59105,257709092
1603411200,2020-10-23 00:00:00,57884,271674701
1603497600,2020-10-24 00:00:00,63037,280342218
1603584000,2020-10-25 00:00:00,61502,280510823
1603670400,2020-10-26 00:00:00,58137,262134127
1603756800,2020-10-27 00:00:00,61093,264769965
1603843200,2020-10-28 00:00:00,59153,261453386
1603929600,2020-10-29 00:00:00,60940,256018418
1604016000,2020-10-30 00:00:00,60472,242826764
1604102400,2020-10-31 00:00:00,57172,254751319
1604188800,2020-11-01 00:00:00,70499,263433564
1604275200,2020-11-02 00:00:00,60803,244790324
1604361600,2020-11-03 00:00:00,53356,239375878
1604448000,2020-11-04 00:00:00,54368,236868470
1604534400,2020-11-05 00:00:00,52607,228823137
1604620800,2020-11-06 00:00:00,52248,225270253
1604707200,2020-11-07 00:00:00,53543,236345993
1604793600,2020-11-08 00:00:00,72827,236563727
1604880000,2020-11-09 00:00:00,56105,237030318
1604966400,2020-11-10 00:00:00,52918,225556221
1605052800,2020-11-11 00:00:00,49979,231229212
1605139200,2020-11-12 00:00:00,55126,223655149
1605225600,2020-11-13 00:00:00,50481,210926218
1605312000,2020-11-14 00:00:00,49730,207571094
1605398400,2020-11-15 00:00:00,47209,185200535
1605484800,2020-11-16 00:00:00,47337,222154904
1605571200,2020-11-17 00:00:00,42211,231643221
1605657600,2020-11-18 00:00:00,48381,220719859
1605744000,2020-11-19 00:00:00,54278,246748560
1605830400,2020-11-20 00:00:00,52620,240306115
1605916800,2020-11-21 00:00:00,52190,240875293
1606003200,2020-11-22 00:00:00,50874,244983986
1606089600,2020-11-23 00:00:00,54116,228800614
1606176000,2020-11-24 00:00:00,51176,215457341
1606262400,2020-11-25 00:00:00,53995,217720393
1606348800,2020-11-26 00:00:00,53192,212961520
1606435200,2020-11-27 00:00:00,53037,247570318
1606521600,2020-11-28 00:00:00,50723,248654437
1606608000,2020-11-29 00:00:00,49284,244095147
1606694400,2020-11-30 00:00:00,49529,207794643
1606780800,2020-12-01 00:00:00,44236,208412577
1606867200,2020-12-02 00:00:00,44588,211894717
1606953600,2020-12-03 00:00:00,43705,214108642
1607040000,2020-12-04 00:00:00,46044,214470983
1607126400,2020-12-05 00:00:00,48969,213000280
1607212800,2020-12-06 00:00:00,51618,199215755
1607299200,2020-12-07 00:00:00,49483,211850228
1607385600,2020-12-08 00:00:00,58212,212130121
1607472000,2020-12-09 00:00:00,59089,211741760
1607558400,2020-12-10 00:00:00,53577,218840578
1607644800,2020-12-11 00:00:00,48148,227646711
1607731200,2020-12-12 00:00:00,50779,251324625
1607817600,2020-12-13 00:00:00,56385,282466933
1607904000,2020-12-14 00:00:00,65058,268989122
1607990400,2020-12-15 00:00:00,61551,284591770
1608076800,2020-12-16 00:00:00,80374,299499504
1608163200,2020-12-17 00:00:00,82122,274707479
1608249600,2020-12-18 00:00:00,82822,308043408
1608336000,2020-12-19 00:00:00,86466,350213361
1608422400,2020-12-20 00:00:00,114126,420171704
1608508800,2020-12-21 00:00:00,102322,427640395
1608595200,2020-12-22 00:00:00,145986,400581796
1608681600,2020-12-23 00:00:00,94131,365892678
1608768000,2020-12-24 00:00:00,87639,285668038
1608854400,2020-12-25 00:00:00,73284,293872901
1608940800,2020-12-26 00:00:00,89978,280954151
1609027200,2020-12-27 00:00:00,74215,246770608
1609113600,2020-12-28 00:00:00,71068,213654222
1609200000,2020-12-29 00:00:00,61037,206128755
1609286400,2020-12-30 00:00:00,71365,178936925
1609372800,2020-12-31 00:00:00,94396,181238588
1609459200,2021-01-01 00:00:00,100021,206924074
1609545600,2021-01-02 00:00:00,116469,192078129
1609632000,2021-01-03 00:00:00,97920,165083641
1609718400,2021-01-04 00:00:00,74425,128209356
1609804800,2021-01-05 00:00:00,73536,149649703
1609891200,2021-01-06 00:00:00,88420,160785901
1609977600,2021-01-07 00:00:00,69166,157359965
1610064000,2021-01-08 00:00:00,124108,150229522
1610150400,2021-01-09 00:00:00,130783,161158783
1610236800,2021-01-10 00:00:00,109613,165156148
1610323200,2021-01-11 00:00:00,134555,135478353
1610409600,2021-01-12 00:00:00,92365,158596007
1610496000,2021-01-13 00:00:00,82372,181390205
1610582400,2021-01-14 00:00:00,77023,178402059
1610668800,2021-01-15 00:00:00,61340,163406936
1610755200,2021-01-16 00:00:00,7363,169593154
1610841600,2021-01-17 00:00:00,7355,170397408
1610928000,2021-01-18 00:00:00,7384,171155803
1611014400,2021-01-19 00:00:00,5513,135522814
1611100800,2021-01-20 00:00:00,6012,134356324
1611187200,2021-01-21 00:00:00,6111,140340006
1611273600,2021-01-22 00:00:00,5826,134745245
1611360000,2021-01-23 00:00:00,6305,147172130
1611446400,2021-01-24 00:00:00,5779,135708230
1611532800,2021-01-25 00:00:00,4806,114997064
1611619200,2021-01-26 00:00:00,5452,124646000
1611705600,2021-01-27 00:00:00,5552,126681597
1611792000,2021-01-28 00:00:00,5728,132210298
1611878400,2021-01-29 00:00:00,5710,131229623
1611964800,2021-01-30 00:00:00,5743,134632451
1612051200,2021-01-31 00:00:00,5891,132943906
1612137600,2021-02-01 00:00:00,5861,139409534
1612224000,2021-02-02 00:00:00,4999,119729044
1612310400,2021-02-03 00:00:00,4745,110521217
1612396800,2021-02-04 00:00:00,3946,94767236
1612483200,2021-02-05 00:00:00,4003,92641447
1612569600,2021-02-06 00:00:00,4591,103744868
1612656000,2021-02-07 00:00:00,5187,119021019
1612742400,2021-02-08 00:00:00,4943,117799362
1612828800,2021-02-09 00:00:00,4553,105828249
1612915200,2021-02-10 00:00:00,5339,118653927
1613001600,2021-02-11 00:00:00,6820,154432734
1613088000,2021-02-12 00:00:00,6950,159720315
1613174400,2021-02-13 00:00:00,7176,162797230
1613260800,2021-02-14 00:00:00,7848,178975786
1613347200,2021-02-15 00:00:00,6834,161356201
1613433600,2021-02-16 00:00:00,6681,155744263
1613520000,2021-02-17 00:00:00,6426,153327047
1613606400,2021-02-18 00:00:00,5621,132001965
1613692800,2021-02-19 00:00:00,5342,125783577
1613779200,2021-02-20 00:00:00,5447,125192084
1613865600,2021-02-21 00:00:00,6351,144176118
1613952000,2021-02-22 00:00:00,5715,133362605
1614038400,2021-02-23 00:00:00,4736,111225106
1614124800,2021-02-24 00:00:00,5386,123233235
1614211200,2021-02-25 00:00:00,5894,133609541
1614297600,2021-02-26 00:00:00,6208,141238652
1614384000,2021-02-27 00:00:00,7027,162148022
1614470400,2021-02-28 00:00:00,7456,171649458
1614556800,2021-03-01 00:00:00,6221,150455388
1614643200,2021-03-02 00:00:00,6894,155555816
1614729600,2021-03-03 00:00:00,6753,157721545
1614816000,2021-03-04 00:00:00,7205,164953637
1614902400,2021-03-05 00:00:00,5565,142373223
1614988800,2021-03-06 00:00:00,6831,138387385
1615075200,2021-03-07 00:00:00,7160,167911855
1615161600,2021-03-08 00:00:00,6693,157067278
1615248000,2021-03-09 00:00:00,6400,149571835
1615334400,2021-03-10 00:00:00,6646,153498209
1615420800,2021-03-11 00:00:00,6686,155843839
1615507200,2021-03-12 00:00:00,6241,143893052
1615593600,2021-03-13 00:00:00,6911,157977592
1615680000,2021-03-14 00:00:00,7777,177594413
1615766400,2021-03-15 00:00:00,7099,167562172
1615852800,2021-03-16 00:00:00,7258,167174977
1615939200,2021-03-17 00:00:00,7618,175566716
1616025600,2021-03-18 00:00:00,6934,174152735
1616112000,2021-03-19 00:00:00,7851,153912616
1616198400,2021-03-20 00:00:00,8283,192520630
1616284800,2021-03-21 00:00:00,8397,196115961
1616371200,2021-03-22 00:00:00,7547,177531291
1616457600,2021-03-23 00:00:00,8414,190256058
1616544000,2021-03-24 00:00:00,7882,184550288
1616630400,2021-03-25 00:00:00,7771,176932748
1616716800,2021-03-26 00:00:00,8359,193035549
1616803200,2021-03-27 00:00:00,9738,221213017
1616889600,2021-03-28 00:00:00,10249,233774727
1616976000,2021-03-29 00:00:00,10557,246144078
1617062400,2021-03-30 00:00:00,9932,230739309
1617148800,2021-03-31 00:00:00,8889,209471301
1617235200,2021-04-01 00:00:00,8521,197282409
1617321600,2021-04-02 00:00:00,9146,208049929
1617408000,2021-04-03 00:00:00,9891,225302931
1617494400,2021-04-04 00:00:00,11071,252227793
1617580800,2021-04-05 00:00:00,11313,262994236
1617667200,2021-04-06 00:00:00,12307,281427309
1617753600,2021-04-07 00:00:00,12444,288222345
1617840000,2021-04-08 00:00:00,13092,299398921
1617926400,2021-04-09 00:00:00,13651,319457985
1618012800,2021-04-10 00:00:00,13123,307859889
1618099200,2021-04-11 00:00:00,16447,363363202
1618185600,2021-04-12 00:00:00,15761,367725954
1618272000,2021-04-13 00:00:00,15681,367572227
1618358400,2021-04-14 00:00:00,14769,348123631
1618444800,2021-04-15 00:00:00,14848,342877974
1618531200,2021-04-16 00:00:00,11353,272502403
1618617600,2021-04-17 00:00:00,11994,277677107
1618704000,2021-04-18 00:00:00,11139,257938021
1618790400,2021-04-19 00:00:00,10285,244173955
1618876800,2021-04-20 00:00:00,8907,204692087
1618963200,2021-04-21 00:00:00,9287,214071915
1619049600,2021-04-22 00:00:00,10571,239855721
1619136000,2021-04-23 00:00:00,11054,252346652
1619222400,2021-04-24 00:00:00,12624,287217616
1619308800,2021-04-25 00:00:00,12654,300279635
1619395200,2021-04-26 00:00:00,13469,302949934
1619481600,2021-04-27 00:00:00,13297,311601313
1619568000,2021-04-28 00:00:00,12664,298703845
1619654400,2021-04-29 00:00:00,12694,293322447
1619740800,2021-04-30 00:00:00,12609,291570122
1619827200,2021-05-01 00:00:00,12756,296909146
1619913600,2021-05-02 00:00:00,12416,291037652
1620000000,2021-05-03 00:00:00,11825,278052427
1620086400,2021-05-04 00:00:00,11348,262751933
1620172800,2021-05-05 00:00:00,11329,264254201
1620259200,2021-05-06 00:00:00,11375,265005821
1620345600,2021-05-07 00:00:00,10697,250485130
1620432000,2021-05-08 00:00:00,11038,254159164
1620518400,2021-05-09 00:00:00,10772,253157273
1620604800,2021-05-10 00:00:00,10572,242672508
1620691200,2021-05-11 00:00:00,11035,254430313
1620777600,2021-05-12 00:00:00,11049,256645539
1620864000,2021-05-13 00:00:00,10926,256618071
1620950400,2021-05-14 00:00:00,10612,249295044
1621036800,2021-05-15 00:00:00,11184,257083924
1621123200,2021-05-16 00:00:00,11163,263570129
1621209600,2021-05-17 00:00:00,11068,255656261
1621296000,2021-05-18 00:00:00,10543,245216081
1621382400,2021-05-19 00:00:00,10654,250478877
1621468800,2021-05-20 00:00:00,10508,243577721
1621555200,2021-05-21 00:00:00,11362,258403067
1621641600,2021-05-22 00:00:00,11574,270842251
1621728000,2021-05-23 00:00:00,11453,266981544
1621814400,2021-05-24 00:00:00,11468,264943222
1621900800,2021-05-25 00:00:00,12342,285835668
1621987200,2021-05-26 00:00:00,12252,287417924
1622073600,2021-05-27 00:00:00,12677,290265779
1622160000,2021-05-28 00:00:00,12764,297053001
1622246400,2021-05-29 00:00:00,13175,305801702
1622332800,2021-05-30 00:00:00,12810,295662036
1622419200,2021-05-31 00:00:00,12984,308475148
1622505600,2021-06-01 00:00:00,13766,314838822
1622592000,2021-06-02 00:00:00,13664,316062679
1622678400,2021-06-03 00:00:00,13503,316453400
1622764800,2021-06-04 00:00:00,12671,297568281
1622851200,2021-06-05 00:00:00,13951,319873706
1622937600,2021-06-06 00:00:00,13413,317106639
1623024000,2021-06-07 00:00:00,13968,317680434
1623110400,2021-06-08 00:00:00,13467,311216220
1623196800,2021-06-09 00:00:00,9468,245996989
1623283200,2021-06-10 00:00:00,7960,183795171
1623369600,2021-06-11 00:00:00,7959,185646225
1623456000,2021-06-12 00:00:00,7809,182645276
1623542400,2021-06-13 00:00:00,7678,180871054
1623628800,2021-06-14 00:00:00,7296,168800802
1623715200,2021-06-15 00:00:00,7763,181014028
1623801600,2021-06-16 00:00:00,7994,184848035
1623888000,2021-06-17 00:00:00,7911,184282312
1623974400,2021-06-18 00:00:00,7900,185145818
1624060800,2021-06-19 00:00:00,8087,186334540
1624147200,2021-06-20 00:00:00,7694,183915794
1624233600,2021-06-21 00:00:00,6984,163470339
1624320000,2021-06-22 00:00:00,6849,158568387
1624406400,2021-06-23 00:00:00,6950,161886245
1624492800,2021-06-24 00:00:00,7058,167610440
1624579200,2021-06-25 00:00:00,7183,164303512
1624665600,2021-06-26 00:00:00,6454,152650797
1624752000,2021-06-27 00:00:00,6293,147387895
1624838400,2021-06-28 00:00:00,6290,146338830
1624924800,2021-06-29 00:00:00,6707,154885284
1625011200,2021-06-30 00:00:00,6587,154105752
1625097600,2021-07-01 00:00:00,6766,156599656
1625184000,2021-07-02 00:00:00,7167,165986423
1625270400,2021-07-03 00:00:00,7008,163661129
1625356800,2021-07-04 00:00:00,6872,162148913
1625443200,2021-07-05 00:00:00,6806,156513161
1625529600,2021-07-06 00:00:00,6562,155082747
1625616000,2021-07-07 00:00:00,7146,162384804
1625702400,2021-07-08 00:00:00,6659,157325503
1625788800,2021-07-09 00:00:00,7003,162576491
1625875200,2021-07-10 00:00:00,6715,157229896
1625961600,2021-07-11 00:00:00,6954,160138131
1626048000,2021-07-12 00:00:00,6985,162310707
1626134400,2021-07-13 00:00:00,6774,159373134
1626220800,2021-07-14 00:00:00,6833,159190739
1626307200,2021-07-15 00:00:00,6880,160268296
1626393600,2021-07-16 00:00:00,6736,157302966
1626480000,2021-07-17 00:00:00,6865,160342773
1626566400,2021-07-18 00:00:00,6885,160362081
1626652800,2021-07-19 00:00:00,7105,165300375
1626739200,2021-07-20 00:00:00,7224,168194852
1626825600,2021-07-21 00:00:00,7085,166102701
1626912000,2021-07-22 00:00:00,7009,162906271
1626998400,2021-07-23 00:00:00,6996,163152345
1627084800,2021-07-24 00:00:00,6940,162617082
1627171200,2021-07-25 00:00:00,7298,166807577
1627257600,2021-07-26 00:00:00,6775,161481246
1627344000,2021-07-27 00:00:00,7311,169293221
1627430400,2021-07-28 00:00:00,7086,165519957
1627516800,2021-07-29 00:00:00,7259,166853343
1627603200,2021-07-30 00:00:00,7096,167005238
1627689600,2021-07-31 00:00:00,7275,169599706
1627776000,2021-08-01 00:00:00,7320,170422622
1627862400,2021-08-02 00:00:00,7393,170467312
1627948800,2021-08-03 00:00:00,7272,169491873
1628035200,2021-08-04 00:00:00,7069,166839324
1628121600,2021-08-05 00:00:00,6909,160733077
1628208000,2021-08-06 00:00:00,7599,173053339
1628294400,2021-08-07 00:00:00,7609,180332333
1628380800,2021-08-08 00:00:00,7967,180888673
1628467200,2021-08-09 00:00:00,7372,173367984
1628553600,2021-08-10 00:00:00,7718,180535767
1628640000,2021-08-11 00:00:00,7971,185897096
1628726400,2021-08-12 00:00:00,7811,181325581
1628812800,2021-08-13 00:00:00,8222,188516584
1628899200,2021-08-14 00:00:00,8540,198356299
1628985600,2021-08-15 00:00:00,8229,193437602
1629072000,2021-08-16 00:00:00,8705,199825882
1629158400,2021-08-17 00:00:00,8458,200385786
1629244800,2021-08-18 00:00:00,9355,214054400
1629331200,2021-08-19 00:00:00,8869,206307064
1629417600,2021-08-20 00:00:00,9246,216084495
1629504000,2021-08-21 00:00:00,9631,220617298
1629590400,2021-08-22 00:00:00,9261,216326765
1629676800,2021-08-23 00:00:00,9406,219541527
1629763200,2021-08-24 00:00:00,8842,208216772
1629849600,2021-08-25 00:00:00,9601,220226103
1629936000,2021-08-26 00:00:00,9502,219357161
1630022400,2021-08-27 00:00:00,9744,227560336
1630108800,2021-08-28 00:00:00,9917,230490731
1630195200,2021-08-29 00:00:00,10361,240797119
1630281600,2021-08-30 00:00:00,10161,234420312
1630368000,2021-08-31 00:00:00,9960,231890909
1630454400,2021-09-01 00:00:00,10720,248119635
1630540800,2021-09-02 00:00:00,10603,246870833
1630627200,2021-09-03 00:00:00,10472,244223059
1630713600,2021-09-04 00:00:00,11567,263398408
1630800000,2021-09-05 00:00:00,11530,268775135
1630886400,2021-09-06 00:00:00,11490,268139828
1630972800,2021-09-07 00:00:00,11267,265711239
1631059200,2021-09-08 00:00:00,11715,268166427
1631145600,2021-09-09 00:00:00,11273,263965646
1631232000,2021-09-10 00:00:00,12009,275953955
1631318400,2021-09-11 00:00:00,11806,274920130
1631404800,2021-09-12 00:00:00,12361,285455093
1631491200,2021-09-13 00:00:00,12238,283619431
1631577600,2021-09-14 00:00:00,11630,279046417
1631664000,2021-09-15 00:00:00,12086,274704889
1631750400,2021-09-16 00:00:00,12350,286107776
1631836800,2021-09-17 00:00:00,12367,287142822
1631923200,2021-09-18 00:00:00,12624,297885327
1632009600,2021-09-19 00:00:00,15792,349703526
1632096000,2021-09-20 00:00:00,15046,356833722
1632182400,2021-09-21 00:00:00,14900,342753068
1632268800,2021-09-22 00:00:00,15514,365382420
1632355200,2021-09-23 00:00:00,16178,367349001
1632441600,2021-09-24 00:00:00,15906,369517914
1632528000,2021-09-25 00:00:00,15116,354548784
1632614400,2021-09-26 00:00:00,14129,332442794
1632700800,2021-09-27 00:00:00,14300,335305032
1632787200,2021-09-28 00:00:00,13969,328565542
1632873600,2021-09-29 00:00:00,15089,342733642
1632960000,2021-09-30 00:00:00,13933,324912965
1633046400,2021-10-01 00:00:00,15192,349966789
1633132800,2021-10-02 00:00:00,15787,365183205
1633219200,2021-10-03 00:00:00,15065,352280406
1633305600,2021-10-04 00:00:00,15634,361805024
1633392000,2021-10-05 00:00:00,15637,363544204
1633478400,2021-10-06 00:00:00,16308,377989183
1633564800,2021-10-07 00:00:00,15848,366841764
1633651200,2021-10-08 00:00:00,15606,362397039
1633737600,2021-10-09 00:00:00,16346,380631400
1633824000,2021-10-10 00:00:00,15184,363288939
1633910400,2021-10-11 00:00:00,14816,342802199
1633996800,2021-10-12 00:00:00,16809,383578506
1634083200,2021-10-13 00:00:00,15408,361120098
1634169600,2021-10-14 00:00:00,15798,365950645
1634256000,2021-10-15 00:00:00,15793,367792154
1634342400,2021-10-16 00:00:00,15645,363482937
1634428800,2021-10-17 00:00:00,15114,355026013
1634515200,2021-10-18 00:00:00,15079,347816564
1634601600,2021-10-19 00:00:00,15482,359455877
1634688000,2021-10-20 00:00:00,14751,347057988
1634774400,2021-10-21 00:00:00,15423,358401029
1634860800,2021-10-22 00:00:00,15219,356073491
1634947200,2021-10-23 00:00:00,13793,322577615
1635033600,2021-10-24 00:00:00,15014,347013389
1635120000,2021-10-25 00:00:00,14588,335796535
1635206400,2021-10-26 00:00:00,15189,350697681
1635292800,2021-10-27 00:00:00,15651,363831650
1635379200,2021-10-28 00:00:00,14346,339019724
1635465600,2021-10-29 00:00:00,14870,343428894
1635552000,2021-10-30 00:00:00,15504,358973945
1635638400,2021-10-31 00:00:00,14833,343893647
1635724800,2021-11-01 00:00:00,14381,336441452
1635811200,2021-11-02 00:00:00,14646,342578665
1635897600,2021-11-03 00:00:00,14578,337810603
1635984000,2021-11-04 00:00:00,15122,351929247
1636070400,2021-11-05 00:00:00,14459,335318044
1636156800,2021-11-06 00:00:00,14643,344119423
1636243200,2021-11-07 00:00:00,14976,344317235
1636329600,2021-11-08 00:00:00,15514,359876868
1636416000,2021-11-09 00:00:00,15541,358971269
1636502400,2021-11-10 00:00:00,15008,354542010
1636588800,2021-11-11 00:00:00,15093,350420155
1636675200,2021-11-12 00:00:00,15167,353202611
1636761600,2021-11-13 00:00:00,13106,314182400
1636848000,2021-11-14 00:00:00,15836,352052525
1636934400,2021-11-15 00:00:00,15268,355040047
1637020800,2021-11-16 00:00:00,15589,361603909
1637107200,2021-11-17 00:00:00,15158,355886307
1637193600,2021-11-18 00:00:00,15415,359237104
1637280000,2021-11-19 00:00:00,14635,341326403
1637366400,2021-11-20 00:00:00,15112,350629360
1637452800,2021-11-21 00:00:00,14864,344730702
1637539200,2021-11-22 00:00:00,15390,355118579
1637625600,2021-11-23 00:00:00,14647,347229945
1637712000,2021-11-24 00:00:00,15213,351344941
1637798400,2021-11-25 00:00:00,14912,349395719
1637884800,2021-11-26 00:00:00,14603,341211371
1637971200,2021-11-27 00:00:00,15200,354507776
1638057600,2021-11-28 00:00:00,14608,339901090
1638144000,2021-11-29 00:00:00,15186,353735718
1638230400,2021-11-30 00:00:00,15428,353346471
1638316800,2021-12-01 00:00:00,15356,360607412
1638403200,2021-12-02 00:00:00,14828,347451360
1638489600,2021-12-03 00:00:00,14910,345079174
1638576000,2021-12-04 00:00:00,14387,337403692
1638662400,2021-12-05 00:00:00,16923,381006339
1638748800,2021-12-06 00:00:00,15739,372325120
1638835200,2021-12-07 00:00:00,16090,375054993
1638921600,2021-12-08 00:00:00,16356,379576717
1639008000,2021-12-09 00:00:00,16545,382427398
1639094400,2021-12-10 00:00:00,16603,387903217
1639180800,2021-12-11 00:00:00,16352,382681855
1639267200,2021-12-12 00:00:00,16283,377379980
1639353600,2021-12-13 00:00:00,16038,372348183
1639440000,2021-12-14 00:00:00,15369,360203523
1639526400,2021-12-15 00:00:00,16109,368685445
1639612800,2021-12-16 00:00:00,15871,372335861
1639699200,2021-12-17 00:00:00,15730,368299592
1639785600,2021-12-18 00:00:00,14642,344526000
1639872000,2021-12-19 00:00:00,14711,343686050
1639958400,2021-12-20 00:00:00,15284,354624709
1640044800,2021-12-21 00:00:00,16450,373927205
1640131200,2021-12-22 00:00:00,15322,358141814
1640217600,2021-12-23 00:00:00,15522,363399149
1640304000,2021-12-24 00:00:00,15393,357138138
1640390400,2021-12-25 00:00:00,16229,375143168
1640476800,2021-12-26 00:00:00,15882,372634893
1640563200,2021-12-27 00:00:00,15372,357555136
1640649600,2021-12-28 00:00:00,15257,356571954
1640736000,2021-12-29 00:00:00,15590,365776679
1640822400,2021-12-30 00:00:00,15038,346233651
1640908800,2021-12-31 00:00:00,15534,362085780
1640995200,2022-01-01 00:00:00,15256,356764636
1641081600,2022-01-02 00:00:00,16450,378866100
1641168000,2022-01-03 00:00:00,15531,361262149
1641254400,2022-01-04 00:00:00,16238,380536598
1641340800,2022-01-05 00:00:00,15753,366633694
1641427200,2022-01-06 00:00:00,16220,374496281
1641513600,2022-01-07 00:00:00,15593,366074372
1641600000,2022-01-08 00:00:00,16047,368937334
1641686400,2022-01-09 00:00:00,15538,360092275
1641772800,2022-01-10 00:00:00,15138,355211221
1641859200,2022-01-11 00:00:00,15534,355272089
1641945600,2022-01-12 00:00:00,16162,379970932
1642032000,2022-01-13 00:00:00,15358,358226376
1642118400,2022-01-14 00:00:00,15817,371514427
1642204800,2022-01-15 00:00:00,16207,371196214
1642291200,2022-01-16 00:00:00,15334,358727404
1642377600,2022-01-17 00:00:00,16225,373519197
1642464000,2022-01-18 00:00:00,16465,381080552
1642550400,2022-01-19 00:00:00,16013,376865268
1642636800,2022-01-20 00:00:00,15786,366228713
1642723200,2022-01-21 00:00:00,16031,374269936
1642809600,2022-01-22 00:00:00,16091,372707603
1642896000,2022-01-23 00:00:00,15909,370950423
1642982400,2022-01-24 00:00:00,15916,369703155
1643068800,2022-01-25 00:00:00,16558,386786571
1643155200,2022-01-26 00:00:00,15263,351659544
1643241600,2022-01-27 00:00:00,15152,360721337
1643328000,2022-01-28 00:00:00,15748,359946320
1643414400,2022-01-29 00:00:00,15448,360538229
1643500800,2022-01-30 00:00:00,15007,344335677
1643587200,2022-01-31 00:00:00,14952,356457049
1643673600,2022-02-01 00:00:00,15705,357711751
1643760000,2022-02-02 00:00:00,15222,357531307
1643846400,2022-02-03 00:00:00,15606,359446326
1643932800,2022-02-04 00:00:00,15564,360170438
1644019200,2022-02-05 00:00:00,15652,371426531
1644105600,2022-02-06 00:00:00,15606,362385638
1644192000,2022-02-07 00:00:00,14919,344174425
1644278400,2022-02-08 00:00:00,15478,360946391
1644364800,2022-02-09 00:00:00,14745,345902793
1644451200,2022-02-10 00:00:00,14832,344446750
1644537600,2022-02-11 00:00:00,13989,329517353
1644624000,2022-02-12 00:00:00,14141,328438361
1644710400,2022-02-13 00:00:00,13839,323317935
1644796800,2022-02-14 00:00:00,14567,339976162
1644883200,2022-02-15 00:00:00,14899,342988262
1644969600,2022-02-16 00:00:00,14539,337063663
1645056000,2022-02-17 00:00:00,15014,349887078
1645142400,2022-02-18 00:00:00,15731,360379106
1645228800,2022-02-19 00:00:00,15225,362346506
1645315200,2022-02-20 00:00:00,15924,367689381
1645401600,2022-02-21 00:00:00,14694,343268612
1645488000,2022-02-22 00:00:00,14804,349298685
1645574400,2022-02-23 00:00:00,14711,337834162
1645660800,2022-02-24 00:00:00,14119,330706107
1645747200,2022-02-25 00:00:00,14566,337718689
1645833600,2022-02-26 00:00:00,14636,341029329
1645920000,2022-02-27 00:00:00,13582,318717015
1646006400,2022-02-28 00:00:00,13996,328230684
1646092800,2022-03-01 00:00:00,13796,319522205
1646179200,2022-03-02 00:00:00,14512,338497522
1646265600,2022-03-03 00:00:00,13970,325788045
1646352000,2022-03-04 00:00:00,14641,335961254
1646438400,2022-03-05 00:00:00,14511,340369087
1646524800,2022-03-06 00:00:00,14886,340629720
1646611200,2022-03-07 00:00:00,15146,351174324
1646697600,2022-03-08 00:00:00,14544,347105727
1646784000,2022-03-09 00:00:00,15362,350067493
1646870400,2022-03-10 00:00:00,14923,348683608
1646956800,2022-03-11 00:00:00,15209,351759707
1647043200,2022-03-12 00:00:00,14680,345461324
1647129600,2022-03-13 00:00:00,14805,343286582
1647216000,2022-03-14 00:00:00,14176,331879385
1647302400,2022-03-15 00:00:00,13566,320862600
1647388800,2022-03-16 00:00:00,14720,334284641
1647475200,2022-03-17 00:00:00,14028,330581709
1647561600,2022-03-18 00:00:00,13943,326911609
1647648000,2022-03-19 00:00:00,13653,318614692
1647734400,2022-03-20 00:00:00,13621,313617343
1647820800,2022-03-21 00:00:00,14294,329999611
1647907200,2022-03-22 00:00:00,14574,344496836
1647993600,2022-03-23 00:00:00,13802,320358330
1648080000,2022-03-24 00:00:00,14616,341201125
1648166400,2022-03-25 00:00:00,13829,322830141
1648252800,2022-03-26 00:00:00,13528,317352767
1648339200,2022-03-27 00:00:00,13762,315410863
1648425600,2022-03-28 00:00:00,14114,330927892
1648512000,2022-03-29 00:00:00,15093,346786279
1648598400,2022-03-30 00:00:00,15259,355390825
1648684800,2022-03-31 00:00:00,15080,350283185
1648771200,2022-04-01 00:00:00,14715,342708262
1648857600,2022-04-02 00:00:00,14735,343199018
1648944000,2022-04-03 00:00:00,13141,316903271
1649030400,2022-04-04 00:00:00,15191,337984149
1649116800,2022-04-05 00:00:00,14775,349550615
1649203200,2022-04-06 00:00:00,15105,348457238
1649289600,2022-04-07 00:00:00,14803,345715969
1649376000,2022-04-08 00:00:00,14741,343025063
1649462400,2022-04-09 00:00:00,14253,332327625
1649548800,2022-04-10 00:00:00,14662,342221256
1649635200,2022-04-11 00:00:00,14396,334615167
1649721600,2022-04-12 00:00:00,14825,343015455
1649808000,2022-04-13 00:00:00,14539,338287357
1649894400,2022-04-14 00:00:00,14993,350017045
1649980800,2022-04-15 00:00:00,14990,348646595
1650067200,2022-04-16 00:00:00,14983,348071652
1650153600,2022-04-17 00:00:00,14235,331327655
1650240000,2022-04-18 00:00:00,15390,353270871
1650326400,2022-04-19 00:00:00,14721,344723329
1650412800,2022-04-20 00:00:00,14510,338927982
1650499200,2022-04-21 00:00:00,14944,349275132
1650585600,2022-04-22 00:00:00,13211,308037142
1650672000,2022-04-23 00:00:00,14105,325386044
1650758400,2022-04-24 00:00:00,13695,320659373
1650844800,2022-04-25 00:00:00,14596,336333549
1650931200,2022-04-26 00:00:00,14201,332118003
1651017600,2022-04-27 00:00:00,14946,347103184
1651104000,2022-04-28 00:00:00,14298,334247883
1651190400,2022-04-29 00:00:00,14558,335071920
1651276800,2022-04-30 00:00:00,14400,336782836
1651363200,2022-05-01 00:00:00,16017,364496952
1651449600,2022-05-02 00:00:00,16874,391571506
1651536000,2022-05-03 00:00:00,16032,374449144
1651622400,2022-05-04 00:00:00,16728,384780116
1651708800,2022-05-05 00:00:00,17206,402676158
1651795200,2022-05-06 00:00:00,15812,369771344
1651881600,2022-05-07 00:00:00,16430,377844362
1651968000,2022-05-08 00:00:00,16064,378315126
1652054400,2022-05-09 00:00:00,16246,371852419
1652140800,2022-05-10 00:00:00,15450,369697645
1652227200,2022-05-11 00:00:00,15229,350607340
1652313600,2022-05-12 00:00:00,14956,350970777
1652400000,2022-05-13 00:00:00,13986,332331338
1652486400,2022-05-14 00:00:00,15624,356740407
1652572800,2022-05-15 00:00:00,15206,350103963
1652659200,2022-05-16 00:00:00,14822,344651895
1652745600,2022-05-17 00:00:00,14925,349744584
1652832000,2022-05-18 00:00:00,14849,345158404
1652918400,2022-05-19 00:00:00,14462,337111490
1653004800,2022-05-20 00:00:00,11461,284170697
1653091200,2022-05-21 00:00:00,9417,222735897
1653177600,2022-05-22 00:00:00,9948,227293182
1653264000,2022-05-23 00:00:00,9958,232031584
1653350400,2022-05-24 00:00:00,9279,217391294
1653436800,2022-05-25 00:00:00,10036,233370364
1653523200,2022-05-26 00:00:00,10230,235762174
1653609600,2022-05-27 00:00:00,10162,234527837
1653696000,2022-05-28 00:00:00,9992,233863834
1653782400,2022-05-29 00:00:00,9691,228114108
1653868800,2022-05-30 00:00:00,9496,222092856
1653955200,2022-05-31 00:00:00,9455,218950928
1654041600,2022-06-01 00:00:00,9716,225822840
1654128000,2022-06-02 00:00:00,9630,223185740
1654214400,2022-06-03 00:00:00,9193,218038296
1654300800,2022-06-04 00:00:00,9033,210763574
1654387200,2022-06-05 00:00:00,8767,203414414
1654473600,2022-06-06 00:00:00,9057,211998599
1654560000,2022-06-07 00:00:00,9535,216484542
1654646400,2022-06-08 00:00:00,9452,222722913
1654732800,2022-06-09 00:00:00,9060,212551462
1654819200,2022-06-10 00:00:00,9478,218585644
1654905600,2022-06-11 00:00:00,9405,219978741
1654992000,2022-06-12 00:00:00,9548,222621331
1655078400,2022-06-13 00:00:00,9157,215477680
1655164800,2022-06-14 00:00:00,9211,214596344
1655251200,2022-06-15 00:00:00,9444,218110624
1655337600,2022-06-16 00:00:00,9109,211213032
1655424000,2022-06-17 00:00:00,9143,214946448
1655510400,2022-06-18 00:00:00,9559,221794944
1655596800,2022-06-19 00:00:00,9332,216493632
1655683200,2022-06-20 00:00:00,8664,204180329
1655769600,2022-06-21 00:00:00,9185,212366180
1655856000,2022-06-22 00:00:00,9300,215033451
1655942400,2022-06-23 00:00:00,8608,201340820
1656028800,2022-06-24 00:00:00,8660,205829653
1656115200,2022-06-25 00:00:00,8559,199503837
1656201600,2022-06-26 00:00:00,8282,193154202
1656288000,2022-06-27 00:00:00,8128,189698465
1656374400,2022-06-28 00:00:00,7820,184506206
1656460800,2022-06-29 00:00:00,7654,180505433
1656547200,2022-06-30 00:00:00,7797,180762000
1656633600,2022-07-01 00:00:00,7618,177422693
1656720000,2022-07-02 00:00:00,7898,179969280
1656806400,2022-07-03 00:00:00,8578,199617282
1656892800,2022-07-04 00:00:00,8742,203187095
1656979200,2022-07-05 00:00:00,7988,187467702
1657065600,2022-07-06 00:00:00,8299,193567713
1657152000,2022-07-07 00:00:00,8510,196559267
1657238400,2022-07-08 00:00:00,8080,190502333
1657324800,2022-07-09 00:00:00,8821,200666346
1657411200,2022-07-10 00:00:00,8425,201961028
1657497600,2022-07-11 00:00:00,8271,190519095
1657584000,2022-07-12 00:00:00,8422,195653699
1657670400,2022-07-13 00:00:00,8583,196593962
1657756800,2022-07-14 00:00:00,7784,185559922
1657843200,2022-07-15 00:00:00,8114,186871393
1657929600,2022-07-16 00:00:00,8195,192505377
1658016000,2022-07-17 00:00:00,8933,204684631
1658102400,2022-07-18 00:00:00,8472,197929695
1658188800,2022-07-19 00:00:00,7944,191272458
1658275200,2022-07-20 00:00:00,8199,185522381
1658361600,2022-07-21 00:00:00,8863,206398081
1658448000,2022-07-22 00:00:00,8470,197956671
1658534400,2022-07-23 00:00:00,8590,199416639
1658620800,2022-07-24 00:00:00,8477,198407252
1658707200,2022-07-25 00:00:00,8297,193326997
1658793600,2022-07-26 00:00:00,7642,182568676
1658880000,2022-07-27 00:00:00,7673,178304711
1658966400,2022-07-28 00:00:00,8540,195638238
1659052800,2022-07-29 00:00:00,7929,186801786
1659139200,2022-07-30 00:00:00,8065,184075056
1659225600,2022-07-31 00:00:00,8348,195671934
1659312000,2022-08-01 00:00:00,8185,193260382
1659398400,2022-08-02 00:00:00,8569,194914191
1659484800,2022-08-03 00:00:00,8335,195213043
1659571200,2022-08-04 00:00:00,9375,217579529
1659657600,2022-08-05 00:00:00,8766,203810288
1659744000,2022-08-06 00:00:00,9121,213450021
1659830400,2022-08-07 00:00:00,7561,182912727
1659916800,2022-08-08 00:00:00,8460,191510738
1660003200,2022-08-09 00:00:00,8728,202946653
1660089600,2022-08-10 00:00:00,8682,201619442
1660176000,2022-08-11 00:00:00,8854,207205805
1660262400,2022-08-12 00:00:00,8309,197507312
1660348800,2022-08-13 00:00:00,7783,180378602
1660435200,2022-08-14 00:00:00,7782,182744367
1660521600,2022-08-15 00:00:00,7866,184675404
1660608000,2022-08-16 00:00:00,8473,191380810
1660694400,2022-08-17 00:00:00,7797,185906342
1660780800,2022-08-18 00:00:00,8368,195176355
1660867200,2022-08-19 00:00:00,7936,183034119
1660953600,2022-08-20 00:00:00,8341,191831620
1661040000,2022-08-21 00:00:00,7535,180444127
1661126400,2022-08-22 00:00:00,7497,174027038
1661212800,2022-08-23 00:00:00,7616,176715615
1661299200,2022-08-24 00:00:00,7677,180568633
1661385600,2022-08-25 00:00:00,7757,177615320
1661472000,2022-08-26 00:00:00,8475,197852321
1661558400,2022-08-27 00:00:00,8628,199879411
1661644800,2022-08-28 00:00:00,8768,202636906
1661731200,2022-08-29 00:00:00,8240,194475874
1661817600,2022-08-30 00:00:00,8958,208248205
1661904000,2022-08-31 00:00:00,9186,213143100
1661990400,2022-09-01 00:00:00,9134,211198663
1662076800,2022-09-02 00:00:00,9127,215146906
1662163200,2022-09-03 00:00:00,8597,200835626
1662249600,2022-09-04 00:00:00,9348,214506383
1662336000,2022-09-05 00:00:00,8767,207613957
1662422400,2022-09-06 00:00:00,8841,203963423
1662508800,2022-09-07 00:00:00,8486,199532716
1662595200,2022-09-08 00:00:00,9072,207214032
1662681600,2022-09-09 00:00:00,8820,207021798
1662768000,2022-09-10 00:00:00,9422,217194019
1662854400,2022-09-11 00:00:00,9182,216616734
1662940800,2022-09-12 00:00:00,8807,203999864
1663027200,2022-09-13 00:00:00,9094,212717700
1663113600,2022-09-14 00:00:00,8948,208661027
1663200000,2022-09-15 00:00:00,9500,217980383
1663286400,2022-09-16 00:00:00,10396,242002999
1663372800,2022-09-17 00:00:00,10413,240949003
1663459200,2022-09-18 00:00:00,10936,252053682
1663545600,2022-09-19 00:00:00,11505,264403204
1663632000,2022-09-20 00:00:00,12634,287637579
1663718400,2022-09-21 00:00:00,12558,296702566
1663804800,2022-09-22 00:00:00,12561,294208416
1663891200,2022-09-23 00:00:00,12630,293194046
1663977600,2022-09-24 00:00:00,11976,280800972
1664064000,2022-09-25 00:00:00,12175,278673627
1664150400,2022-09-26 00:00:00,12445,290655848
1664236800,2022-09-27 00:00:00,12551,288286309
1664323200,2022-09-28 00:00:00,12390,292347361
1664409600,2022-09-29 00:00:00,12001,279413962
1664496000,2022-09-30 00:00:00,12232,280775748
1664582400,2022-10-01 00:00:00,11920,281098806
1664668800,2022-10-02 00:00:00,11947,275754745
1664755200,2022-10-03 00:00:00,11311,266437724
1664841600,2022-10-04 00:00:00,12341,285297088
1664928000,2022-10-05 00:00:00,11730,272790351
1665014400,2022-10-06 00:00:00,11472,268214709
1665100800,2022-10-07 00:00:00,12161,279690876
1665187200,2022-10-08 00:00:00,11577,273587139
1665273600,2022-10-09 00:00:00,11050,259167011
1665360000,2022-10-10 00:00:00,11673,270965492
1665446400,2022-10-11 00:00:00,12506,286380593
1665532800,2022-10-12 00:00:00,11803,278540954
1665619200,2022-10-13 00:00:00,10786,254934616
1665705600,2022-10-14 00:00:00,12264,281098824
1665792000,2022-10-15 00:00:00,11085,262603024
1665878400,2022-10-16 00:00:00,11445,261085777
1665964800,2022-10-17 00:00:00,11022,256487936
1666051200,2022-10-18 00:00:00,11007,256919264
1666137600,2022-10-19 00:00:00,10560,248679297
1666224000,2022-10-20 00:00:00,10359,239915554
1666310400,2022-10-21 00:00:00,10592,247290282
1666396800,2022-10-22 00:00:00,11050,255485260
1666483200,2022-10-23 00:00:00,11359,259742972
1666569600,2022-10-24 00:00:00,10993,259328469
1666656000,2022-10-25 00:00:00,11593,264199952
1666742400,2022-10-26 00:00:00,10881,259294706
1666828800,2022-10-27 00:00:00,11544,265374092
1666915200,2022-10-28 00:00:00,10844,255456622
1667001600,2022-10-29 00:00:00,10898,255000764
1667088000,2022-10-30 00:00:00,10710,248684552
1667174400,2022-10-31 00:00:00,10552,246273251
1667260800,2022-11-01 00:00:00,10205,236260946
1667347200,2022-11-02 00:00:00,10561,250210063
1667433600,2022-11-03 00:00:00,9791,227190490
1667520000,2022-11-04 00:00:00,10002,232592567
1667606400,2022-11-05 00:00:00,10516,242564310
1667692800,2022-11-06 00:00:00,10589,243893451
1667779200,2022-11-07 00:00:00,10539,249017216
1667865600,2022-11-08 00:00:00,10265,239011003
1667952000,2022-11-09 00:00:00,9954,233720624
1668038400,2022-11-10 00:00:00,9955,228827277
1668124800,2022-11-11 00:00:00,10046,234738917
1668211200,2022-11-12 00:00:00,10263,239890504
1668297600,2022-11-13 00:00:00,10705,248201055
1668384000,2022-11-14 00:00:00,10247,237607422
1668470400,2022-11-15 00:00:00,10496,242105093
1668556800,2022-11-16 00:00:00,9896,231228067
1668643200,2022-11-17 00:00:00,9879,228753033
1668729600,2022-11-18 00:00:00,9526,223980081
1668816000,2022-11-19 00:00:00,10253,237318307
1668902400,2022-11-20 00:00:00,10240,239999807
1668988800,2022-11-21 00:00:00,10407,240987046
1669075200,2022-11-22 00:00:00,9442,221960249
1669161600,2022-11-23 00:00:00,10310,235880674
1669248000,2022-11-24 00:00:00,10218,238360772
1669334400,2022-11-25 00:00:00,10045,235498618
1669420800,2022-11-26 00:00:00,10493,241458024
1669507200,2022-11-27 00:00:00,10375,242773788
1669593600,2022-11-28 00:00:00,10285,240558943
1669680000,2022-11-29 00:00:00,9998,233033243
1669766400,2022-11-30 00:00:00,9351,221804010
1669852800,2022-12-01 00:00:00,9966,227900463
1669939200,2022-12-02 00:00:00,9606,227526186
1670025600,2022-12-03 00:00:00,10015,231395792
1670112000,2022-12-04 00:00:00,10034,230414985
1670198400,2022-12-05 00:00:00,10028,235187932
1670284800,2022-12-06 00:00:00,9731,228435471
1670371200,2022-12-07 00:00:00,10337,237990693
1670457600,2022-12-08 00:00:00,9866,231555168
1670544000,2022-12-09 00:00:00,10258,240368904
1670630400,2022-12-10 00:00:00,9901,229117732
1670716800,2022-12-11 00:00:00,9734,227608231
1670803200,2022-12-12 00:00:00,10358,236296726
1670889600,2022-12-13 00:00:00,10278,241821402
1670976000,2022-12-14 00:00:00,10095,236635695
1671062400,2022-12-15 00:00:00,10535,244194548
1671148800,2022-12-16 00:00:00,10214,238537739
1671235200,2022-12-17 00:00:00,11095,255592403
1671321600,2022-12-18 00:00:00,11141,257839338
1671408000,2022-12-19 00:00:00,11590,268977565
1671494400,2022-12-20 00:00:00,11057,260740688
1671580800,2022-12-21 00:00:00,11402,261936980
1671667200,2022-12-22 00:00:00,11341,264548248
1671753600,2022-12-23 00:00:00,10908,257753044
1671840000,2022-12-24 00:00:00,11304,259282588
1671926400,2022-12-25 00:00:00,12294,280455906
1672012800,2022-12-26 00:00:00,12656,291467991
1672099200,2022-12-27 00:00:00,13005,301082147
1672185600,2022-12-28 00:00:00,14338,332006899
1672272000,2022-12-29 00:00:00,13899,323350143
1672358400,2022-12-30 00:00:00,14438,329452553
1672444800,2022-12-31 00:00:00,14215,337494479
1672531200,2023-01-01 00:00:00,13999,327586908
1672617600,2023-01-02 00:00:00,14601,336699579
1672704000,2023-01-03 00:00:00,14825,344017123
1672790400,2023-01-04 00:00:00,15054,352048851
1672876800,2023-01-05 00:00:00,14750,341571487
1672963200,2023-01-06 00:00:00,15613,364047608
1673049600,2023-01-07 00:00:00,15301,355326911
1673136000,2023-01-08 00:00:00,14848,348281240
1673222400,2023-01-09 00:00:00,13413,316621327
1673308800,2023-01-10 00:00:00,13640,316295069
1673395200,2023-01-11 00:00:00,13770,318399494
1673481600,2023-01-12 00:00:00,13649,316897720
1673568000,2023-01-13 00:00:00,13632,322685248
1673654400,2023-01-14 00:00:00,13961,322290996
1673740800,2023-01-15 00:00:00,12569,300547937
1673827200,2023-01-16 00:00:00,12160,283315937
1673913600,2023-01-17 00:00:00,12438,287142840
1674000000,2023-01-18 00:00:00,11929,278102239
1674086400,2023-01-19 00:00:00,12397,291017321
1674172800,2023-01-20 00:00:00,12161,284092029
1674259200,2023-01-21 00:00:00,12566,287247888
1674345600,2023-01-22 00:00:00,12709,294917198
1674432000,2023-01-23 00:00:00,12214,287484328
1674518400,2023-01-24 00:00:00,12214,282805837
1674604800,2023-01-25 00:00:00,12318,287677592
1674691200,2023-01-26 00:00:00,12605,290916499
1674777600,2023-01-27 00:00:00,11860,276254149
1674864000,2023-01-28 00:00:00,12479,291442885
1674950400,2023-01-29 00:00:00,12158,284492714
1675036800,2023-01-30 00:00:00,12301,283786282
1675123200,2023-01-31 00:00:00,12171,284470435
1675209600,2023-02-01 00:00:00,12293,286346885
1675296000,2023-02-02 00:00:00,12130,283447073
1675382400,2023-02-03 00:00:00,12940,297296884
1675468800,2023-02-04 00:00:00,12692,294864821
1675555200,2023-02-05 00:00:00,12317,286940163
1675641600,2023-02-06 00:00:00,12437,285107766
1675728000,2023-02-07 00:00:00,12034,280995051
1675814400,2023-02-08 00:00:00,12929,299965917
1675900800,2023-02-09 00:00:00,11997,283006998
1675987200,2023-02-10 00:00:00,12820,297516419
1676073600,2023-02-11 00:00:00,12602,296173287
1676160000,2023-02-12 00:00:00,13444,306545754
1676246400,2023-02-13 00:00:00,12786,302687193
1676332800,2023-02-14 00:00:00,12255,286345384
1676419200,2023-02-15 00:00:00,12411,285091871
1676505600,2023-02-16 00:00:00,12471,292648855
1676592000,2023-02-17 00:00:00,12091,284841315
1676678400,2023-02-18 00:00:00,12802,297395069
1676764800,2023-02-19 00:00:00,12282,285748729
1676851200,2023-02-20 00:00:00,11881,281404168
1676937600,2023-02-21 00:00:00,12307,282908864
1677024000,2023-02-22 00:00:00,11262,265378173
1677110400,2023-02-23 00:00:00,11792,272238021
1677196800,2023-02-24 00:00:00,12402,284623135
1677283200,2023-02-25 00:00:00,11903,279950541
1677369600,2023-02-26 00:00:00,11504,268651402
1677456000,2023-02-27 00:00:00,10912,257678144
1677542400,2023-02-28 00:00:00,11709,267246453
1677628800,2023-03-01 00:00:00,11190,265288842
1677715200,2023-03-02 00:00:00,11964,274373254
1677801600,2023-03-03 00:00:00,11237,262312183
1677888000,2023-03-04 00:00:00,11779,269867842
1677974400,2023-03-05 00:00:00,11289,268717006
1678060800,2023-03-06 00:00:00,11995,277029981
1678147200,2023-03-07 00:00:00,12174,279349583
1678233600,2023-03-08 00:00:00,12427,289798077
1678320000,2023-03-09 00:00:00,11880,278373624
1678406400,2023-03-10 00:00:00,11822,277736333
1678492800,2023-03-11 00:00:00,12175,281488154
1678579200,2023-03-12 00:00:00,12258,283493700
1678665600,2023-03-13 00:00:00,11635,274409993
1678752000,2023-03-14 00:00:00,12180,281578336
1678838400,2023-03-15 00:00:00,11758,275807775
1678924800,2023-03-16 00:00:00,12026,281045929
1679011200,2023-03-17 00:00:00,11569,267034169
1679097600,2023-03-18 00:00:00,11112,259335230
1679184000,2023-03-19 00:00:00,12230,282275759
1679270400,2023-03-20 00:00:00,12209,285603348
1679356800,2023-03-21 00:00:00,12527,293781748
1679443200,2023-03-22 00:00:00,11721,271614519
1679529600,2023-03-23 00:00:00,12447,287301641
1679616000,2023-03-24 00:00:00,12149,284481808
1679702400,2023-03-25 00:00:00,12398,285824416
1679788800,2023-03-26 00:00:00,11473,270870236
1679875200,2023-03-27 00:00:00,11783,274040099
1679961600,2023-03-28 00:00:00,11495,268473876
1680048000,2023-03-29 00:00:00,11852,274459492
1680134400,2023-03-30 00:00:00,11941,278633015
1680220800,2023-03-31 00:00:00,11316,264475061
1680307200,2023-04-01 00:00:00,10936,257329860
1680393600,2023-04-02 00:00:00,11079,255394409
1680480000,2023-04-03 00:00:00,11125,261334514
1680566400,2023-04-04 00:00:00,10797,252088750
1680652800,2023-04-05 00:00:00,10871,252387633
1680739200,2023-04-06 00:00:00,11231,258180931
1680825600,2023-04-07 00:00:00,10646,249619130
1680912000,2023-04-08 00:00:00,10832,253612323
1680998400,2023-04-09 00:00:00,11486,264703546
1681084800,2023-04-10 00:00:00,11086,260028755
1681171200,2023-04-11 00:00:00,10755,252202163
1681257600,2023-04-12 00:00:00,11724,265901542
1681344000,2023-04-13 00:00:00,11359,264295188
1681430400,2023-04-14 00:00:00,11312,262542389
1681516800,2023-04-15 00:00:00,10574,252982402
1681603200,2023-04-16 00:00:00,11460,262557703
1681689600,2023-04-17 00:00:00,10674,251114820
1681776000,2023-04-18 00:00:00,11281,260871253
1681862400,2023-04-19 00:00:00,11523,268582721
1681948800,2023-04-20 00:00:00,11414,265389813
1682035200,2023-04-21 00:00:00,11299,263567524
1682121600,2023-04-22 00:00:00,11705,270161717
1682208000,2023-04-23 00:00:00,11799,275989511
1682294400,2023-04-24 00:00:00,11204,261166246
1682380800,2023-04-25 00:00:00,11021,259105676
1682467200,2023-04-26 00:00:00,11218,262251511
1682553600,2023-04-27 00:00:00,11197,258390520
1682640000,2023-04-28 00:00:00,11102,257130340
1682726400,2023-04-29 00:00:00,11246,262537356
1682812800,2023-04-30 00:00:00,11170,259515031
1682899200,2023-05-01 00:00:00,11008,254050142
1682985600,2023-05-02 00:00:00,10731,254742972
1683072000,2023-05-03 00:00:00,10877,252191722
1683158400,2023-05-04 00:00:00,10799,254165743
1683244800,2023-05-05 00:00:00,10848,251682994
1683331200,2023-05-06 00:00:00,11016,253104831
1683417600,2023-05-07 00:00:00,10777,252371239
1683504000,2023-05-08 00:00:00,11067,258287028
1683590400,2023-05-09 00:00:00,10646,249315487
1683676800,2023-05-10 00:00:00,10188,241022361
1683763200,2023-05-11 00:00:00,10679,246513587
1683849600,2023-05-12 00:00:00,10185,237538075
1683936000,2023-05-13 00:00:00,10610,244728713
1684022400,2023-05-14 00:00:00,10598,246122364
1684108800,2023-05-15 00:00:00,10122,238284155
1684195200,2023-05-16 00:00:00,10536,243226627
1684281600,2023-05-17 00:00:00,10112,237071842
1684368000,2023-05-18 00:00:00,9863,229557800
1684454400,2023-05-19 00:00:00,9953,232557705
1684540800,2023-05-20 00:00:00,9614,225691821
1684627200,2023-05-21 00:00:00,10115,233464696
1684713600,2023-05-22 00:00:00,9633,225304024
1684800000,2023-05-23 00:00:00,10326,241506404
1684886400,2023-05-24 00:00:00,10294,236639767
1684972800,2023-05-25 00:00:00,10950,252554592
1685059200,2023-05-26 00:00:00,10123,237888572
1685145600,2023-05-27 00:00:00,9579,225973123
1685232000,2023-05-28 00:00:00,10018,232916251
1685318400,2023-05-29 00:00:00,10023,233836347
1685404800,2023-05-30 00:00:00,9885,230525837
1685491200,2023-05-31 00:00:00,10403,240581575
1685577600,2023-06-01 00:00:00,10177,235608258
1685664000,2023-06-02 00:00:00,9412,221932766
1685750400,2023-06-03 00:00:00,9416,220079662
1685836800,2023-06-04 00:00:00,8915,208004653
1685923200,2023-06-05 00:00:00,9078,211801802
1686009600,2023-06-06 00:00:00,9444,216548423
1686096000,2023-06-07 00:00:00,8817,208904707
1686182400,2023-06-08 00:00:00,9048,210137068
1686268800,2023-06-09 00:00:00,9760,222042876
1686355200,2023-06-10 00:00:00,9460,225939260
1686441600,2023-06-11 00:00:00,9612,220023798
1686528000,2023-06-12 00:00:00,9776,229339535
1686614400,2023-06-13 00:00:00,9529,224022157
1686700800,2023-06-14 00:00:00,9241,213475476
1686787200,2023-06-15 00:00:00,9438,217526735
1686873600,2023-06-16 00:00:00,9823,226780563
1686960000,2023-06-17 00:00:00,9647,230367614
1687046400,2023-06-18 00:00:00,9725,222937704
1687132800,2023-06-19 00:00:00,9729,226505648
1687219200,2023-06-20 00:00:00,9777,227565460
1687305600,2023-06-21 00:00:00,9451,221118483
1687392000,2023-06-22 00:00:00,8638,204547014
1687478400,2023-06-23 00:00:00,9531,218416264
1687564800,2023-06-24 00:00:00,9635,222881561
1687651200,2023-06-25 00:00:00,9528,223191397
1687737600,2023-06-26 00:00:00,8918,209080824
1687824000,2023-06-27 00:00:00,8679,204250238
1687910400,2023-06-28 00:00:00,9076,207381003
1687996800,2023-06-29 00:00:00,8735,206184256
1688083200,2023-06-30 00:00:00,8921,208933994
1688169600,2023-07-01 00:00:00,7936,188810095
1688256000,2023-07-02 00:00:00,7858,183082512
1688342400,2023-07-03 00:00:00,8083,186633888
1688428800,2023-07-04 00:00:00,8343,194276640
1688515200,2023-07-05 00:00:00,8188,191109082
1688601600,2023-07-06 00:00:00,8389,195242276
1688688000,2023-07-07 00:00:00,7796,182225042
1688774400,2023-07-08 00:00:00,7962,183898696
1688860800,2023-07-09 00:00:00,8443,197121383
1688947200,2023-07-10 00:00:00,7919,187794796
1689033600,2023-07-11 00:00:00,7904,183010675
1689120000,2023-07-12 00:00:00,8431,194716193
1689206400,2023-07-13 00:00:00,7987,186551332
1689292800,2023-07-14 00:00:00,7495,177356446
1689379200,2023-07-15 00:00:00,7827,180057522
1689465600,2023-07-16 00:00:00,7600,180127977
1689552000,2023-07-17 00:00:00,7074,165742823
1689638400,2023-07-18 00:00:00,7393,172197683
1689724800,2023-07-19 00:00:00,7684,176427395
1689811200,2023-07-20 00:00:00,7529,176880892
1689897600,2023-07-21 00:00:00,7623,177658340
1689984000,2023-07-22 00:00:00,7565,175272215
1690070400,2023-07-23 00:00:00,7742,178679064
1690156800,2023-07-24 00:00:00,7267,171161869
1690243200,2023-07-25 00:00:00,7518,174814848
1690329600,2023-07-26 00:00:00,7498,175129268
1690416000,2023-07-27 00:00:00,7348,171152234
1690502400,2023-07-28 00:00:00,7411,172311993
1690588800,2023-07-29 00:00:00,7669,178452094
1690675200,2023-07-30 00:00:00,7397,173822103
1690761600,2023-07-31 00:00:00,7685,178571405
1690848000,2023-08-01 00:00:00,7565,177392223
1690934400,2023-08-02 00:00:00,7323,170666497
1691020800,2023-08-03 00:00:00,7417,171942176
1691107200,2023-08-04 00:00:00,7705,179679448
1691193600,2023-08-05 00:00:00,7791,181432693
1691280000,2023-08-06 00:00:00,7630,177205590
1691366400,2023-08-07 00:00:00,7105,168848530
1691452800,2023-08-08 00:00:00,7971,181013662
1691539200,2023-08-09 00:00:00,7864,183838120
1691625600,2023-08-10 00:00:00,7552,177367437
1691712000,2023-08-11 00:00:00,7396,173745939
1691798400,2023-08-12 00:00:00,7501,174895570
1691884800,2023-08-13 00:00:00,7093,164640040
1691971200,2023-08-14 00:00:00,7201,167452394
1692057600,2023-08-15 00:00:00,7283,169208137
1692144000,2023-08-16 00:00:00,7142,167819036
1692230400,2023-08-17 00:00:00,7072,165711718
1692316800,2023-08-18 00:00:00,7109,166649716
1692403200,2023-08-19 00:00:00,6936,159771511
1692489600,2023-08-20 00:00:00,7027,162789928
1692576000,2023-08-21 00:00:00,7236,169154387
1692662400,2023-08-22 00:00:00,7407,170799714
1692748800,2023-08-23 00:00:00,7150,168572328
1692835200,2023-08-24 00:00:00,7507,173612862
1692921600,2023-08-25 00:00:00,7369,170877920
1693008000,2023-08-26 00:00:00,7635,179716292
1693094400,2023-08-27 00:00:00,7333,170673850
1693180800,2023-08-28 00:00:00,7144,166355198
1693267200,2023-08-29 00:00:00,7110,167545493
1693353600,2023-08-30 00:00:00,7267,168011465
1693440000,2023-08-31 00:00:00,7593,173656467
1693526400,2023-09-01 00:00:00,7854,181103587
1693612800,2023-09-02 00:00:00,7376,174939948
1693699200,2023-09-03 00:00:00,7839,179178621
1693785600,2023-09-04 00:00:00,7732,180141642
1693872000,2023-09-05 00:00:00,8291,193123717
1693958400,2023-09-06 00:00:00,8284,192356785
1694044800,2023-09-07 00:00:00,8015,187910799
1694131200,2023-09-08 00:00:00,8197,189668677
1694217600,2023-09-09 00:00:00,7447,176504683
1694304000,2023-09-10 00:00:00,7862,183074746
1694390400,2023-09-11 00:00:00,7573,175753558
1694476800,2023-09-12 00:00:00,7431,175382877
1694563200,2023-09-13 00:00:00,7307,170883451
1694649600,2023-09-14 00:00:00,7763,179151977
1694736000,2023-09-15 00:00:00,7584,172761756
1694822400,2023-09-16 00:00:00,8275,192622557
1694908800,2023-09-17 00:00:00,7619,180308462
1694995200,2023-09-18 00:00:00,8041,183244574
1695081600,2023-09-19 00:00:00,8013,188034552
1695168000,2023-09-20 00:00:00,7683,180527987
1695254400,2023-09-21 00:00:00,7819,181648449
1695340800,2023-09-22 00:00:00,7573,176808095
1695427200,2023-09-23 00:00:00,7901,184267995
1695513600,2023-09-24 00:00:00,7750,178871065
1695600000,2023-09-25 00:00:00,7099,167873330
1695686400,2023-09-26 00:00:00,7037,164806972
1695772800,2023-09-27 00:00:00,7304,168618994
1695859200,2023-09-28 00:00:00,7253,169669147
1695945600,2023-09-29 00:00:00,7010,164613949
1696032000,2023-09-30 00:00:00,7269,168988778
1696118400,2023-10-01 00:00:00,7389,172290227
1696204800,2023-10-02 00:00:00,7544,172834171
1696291200,2023-10-03 00:00:00,7912,185130299
1696377600,2023-10-04 00:00:00,7924,184431168
1696464000,2023-10-05 00:00:00,7410,174018319
1696550400,2023-10-06 00:00:00,8246,187539179
1696636800,2023-10-07 00:00:00,7873,186159752
1696723200,2023-10-08 00:00:00,7740,181621711
1696809600,2023-10-09 00:00:00,7918,183864320
1696896000,2023-10-10 00:00:00,8086,186762929
1696982400,2023-10-11 00:00:00,7500,176514655
1697068800,2023-10-12 00:00:00,8108,187013256
1697155200,2023-10-13 00:00:00,8201,191407359
1697241600,2023-10-14 00:00:00,7521,178230589
1697328000,2023-10-15 00:00:00,7987,183115616
1697414400,2023-10-16 00:00:00,7385,175179747
1697500800,2023-10-17 00:00:00,7877,180832122
1697587200,2023-10-18 00:00:00,8118,187138292
1697673600,2023-10-19 00:00:00,8543,198305152
1697760000,2023-10-20 00:00:00,8005,189000795
1697846400,2023-10-21 00:00:00,8390,192134141
1697932800,2023-10-22 00:00:00,7847,186374094
1698019200,2023-10-23 00:00:00,8254,190454148
1698105600,2023-10-24 00:00:00,8326,191873016
1698192000,2023-10-25 00:00:00,8419,197945379
1698278400,2023-10-26 00:00:00,8166,190323370
1698364800,2023-10-27 00:00:00,7908,186489013
1698451200,2023-10-28 00:00:00,7983,183418939
1698537600,2023-10-29 00:00:00,7943,184915620
1698624000,2023-10-30 00:00:00,8067,187276394
1698710400,2023-10-31 00:00:00,8208,190304761
1698796800,2023-11-01 00:00:00,8045,189405969
1698883200,2023-11-02 00:00:00,8076,188962520
1698969600,2023-11-03 00:00:00,7645,178466465
1699056000,2023-11-04 00:00:00,8184,188670739
1699142400,2023-11-05 00:00:00,8099,187807290
1699228800,2023-11-06 00:00:00,8337,193559373
1699315200,2023-11-07 00:00:00,7711,181803272
1699401600,2023-11-08 00:00:00,7925,182763028
1699488000,2023-11-09 00:00:00,7755,181158160
1699574400,2023-11-10 00:00:00,7889,182733106
1699660800,2023-11-11 00:00:00,8205,189595999
1699747200,2023-11-12 00:00:00,8231,192853483
1699833600,2023-11-13 00:00:00,8395,192989939
1699920000,2023-11-14 00:00:00,8905,205979473
1700006400,2023-11-15 00:00:00,8390,196813706
1700092800,2023-11-16 00:00:00,8858,207546154
1700179200,2023-11-17 00:00:00,8268,193489693
1700265600,2023-11-18 00:00:00,8145,190839107
1700352000,2023-11-19 00:00:00,7620,179465630
1700438400,2023-11-20 00:00:00,8180,187468875
1700524800,2023-11-21 00:00:00,8074,187465807
1700611200,2023-11-22 00:00:00,7541,178729033
1700697600,2023-11-23 00:00:00,7559,174207886
1700784000,2023-11-24 00:00:00,8250,188593127
1700870400,2023-11-25 00:00:00,8271,193731710
1700956800,2023-11-26 00:00:00,7993,186319528
1701043200,2023-11-27 00:00:00,8218,193013873
1701129600,2023-11-28 00:00:00,8544,195519843
1701216000,2023-11-29 00:00:00,8070,188027112
1701302400,2023-11-30 00:00:00,8313,195266513
1701388800,2023-12-01 00:00:00,8187,191987182
1701475200,2023-12-02 00:00:00,8881,201973192
1701561600,2023-12-03 00:00:00,8357,198875032
1701648000,2023-12-04 00:00:00,8522,197423353
1701734400,2023-12-05 00:00:00,8612,199977749
1701820800,2023-12-06 00:00:00,8176,191700233
1701907200,2023-12-07 00:00:00,8412,195652504
1701993600,2023-12-08 00:00:00,8813,202682884
1702080000,2023-12-09 00:00:00,8607,200962233
1702166400,2023-12-10 00:00:00,8461,199127150
1702252800,2023-12-11 00:00:00,8740,201738628
1702339200,2023-12-12 00:00:00,8429,197142735
1702425600,2023-12-13 00:00:00,8282,193289392
1702512000,2023-12-14 00:00:00,8346,194627021
1702598400,2023-12-15 00:00:00,8939,205540790
1702684800,2023-12-16 00:00:00,8209,194759117
1702771200,2023-12-17 00:00:00,8340,192126947
1702857600,2023-12-18 00:00:00,8672,201930213
1702944000,2023-12-19 00:00:00,8384,196859676
1703030400,2023-12-20 00:00:00,8142,190703630
1703116800,2023-12-21 00:00:00,8445,193411459
1703203200,2023-12-22 00:00:00,8421,198322596
1703289600,2023-12-23 00:00:00,8136,190095015
1703376000,2023-12-24 00:00:00,8378,192714248
1703462400,2023-12-25 00:00:00,8447,198534001
1703548800,2023-12-26 00:00:00,8656,201875018
1703635200,2023-12-27 00:00:00,8543,198536558
1703721600,2023-12-28 00:00:00,8527,197908935
1703808000,2023-12-29 00:00:00,8485,198146023
1703894400,2023-12-30 00:00:00,8536,200546757
1703980800,2023-12-31 00:00:00,8641,197313747
1704067200,2024-01-01 00:00:00,8620,203650170
1704153600,2024-01-02 00:00:00,9014,206559304
1704240000,2024-01-03 00:00:00,9422,215997452
1704326400,2024-01-04 00:00:00,8773,208585156
1704412800,2024-01-05 00:00:00,9319,213770544
1704499200,2024-01-06 00:00:00,9426,218346624
1704585600,2024-01-07 00:00:00,9365,217994772
1704672000,2024-01-08 00:00:00,9440,220517482
1704758400,2024-01-09 00:00:00,9407,218405651
1704844800,2024-01-10 00:00:00,9729,225352565
1704931200,2024-01-11 00:00:00,9751,229001320
1705017600,2024-01-12 00:00:00,9180,214183315
1705104000,2024-01-13 00:00:00,9391,220628537
1705190400,2024-01-14 00:00:00,9435,218639214
1705276800,2024-01-15 00:00:00,9146,214450467
1705363200,2024-01-16 00:00:00,9361,212571225
1705449600,2024-01-17 00:00:00,9790,229184590
1705536000,2024-01-18 00:00:00,9851,229328879
1705622400,2024-01-19 00:00:00,9844,229316970
1705708800,2024-01-20 00:00:00,9861,229056133
1705795200,2024-01-21 00:00:00,9871,227570873
1705881600,2024-01-22 00:00:00,9460,222376571
1705968000,2024-01-23 00:00:00,9894,229289389
1706054400,2024-01-24 00:00:00,10051,233489018
1706140800,2024-01-25 00:00:00,9983,234637229
1706227200,2024-01-26 00:00:00,10473,239115989
1706313600,2024-01-27 00:00:00,10675,247131744
1706400000,2024-01-28 00:00:00,10136,238385815
1706486400,2024-01-29 00:00:00,10275,242715892
1706572800,2024-01-30 00:00:00,10627,239390380
1706659200,2024-01-31 00:00:00,10577,248120206
1706745600,2024-02-01 00:00:00,10378,246039120
1706832000,2024-02-02 00:00:00,10028,232941985
1706918400,2024-02-03 00:00:00,10227,236691253
1707004800,2024-02-04 00:00:00,10053,234993422
1707091200,2024-02-05 00:00:00,9618,225211698
1707177600,2024-02-06 00:00:00,10645,241544828
1707264000,2024-02-07 00:00:00,10155,239940144
1707350400,2024-02-08 00:00:00,9744,229069688
1707436800,2024-02-09 00:00:00,10382,237679083
1707523200,2024-02-10 00:00:00,9862,230181692
1707609600,2024-02-11 00:00:00,9488,220964454
1707696000,2024-02-12 00:00:00,10194,236745947
1707782400,2024-02-13 00:00:00,9804,231503551
1707868800,2024-02-14 00:00:00,9945,230607142
1707955200,2024-02-15 00:00:00,10250,237406254
1708041600,2024-02-16 00:00:00,10198,237215530
1708128000,2024-02-17 00:00:00,9677,224988661
1708214400,2024-02-18 00:00:00,9508,223453620
1708300800,2024-02-19 00:00:00,9761,222219475
1708387200,2024-02-20 00:00:00,9654,227089793
1708473600,2024-02-21 00:00:00,10057,234339756
1708560000,2024-02-22 00:00:00,9389,221780288
1708646400,2024-02-23 00:00:00,9708,222734030
1708732800,2024-02-24 00:00:00,9542,224807090
1708819200,2024-02-25 00:00:00,9700,224958455
1708905600,2024-02-26 00:00:00,10165,235764572
1708992000,2024-02-27 00:00:00,9897,230081922
1709078400,2024-02-28 00:00:00,9517,225483277
1709164800,2024-02-29 00:00:00,9211,215102082
1709251200,2024-03-01 00:00:00,9562,220428502
1709337600,2024-03-02 00:00:00,9219,215839918
1709424000,2024-03-03 00:00:00,9376,219324799
1709510400,2024-03-04 00:00:00,9587,222200464
1709596800,2024-03-05 00:00:00,9471,221033801
1709683200,2024-03-06 00:00:00,9497,221114946
1709769600,2024-03-07 00:00:00,10651,244626237
1709856000,2024-03-08 00:00:00,10120,238152953
1709942400,2024-03-09 00:00:00,10192,236529813
1710028800,2024-03-10 00:00:00,10093,234692422
1710115200,2024-03-11 00:00:00,9913,231568569
1710201600,2024-03-12 00:00:00,9537,223839770
1710288000,2024-03-13 00:00:00,9967,230424560
1710374400,2024-03-14 00:00:00,9636,225142239
1710460800,2024-03-15 00:00:00,9952,231406715
1710547200,2024-03-16 00:00:00,9853,227923515
1710633600,2024-03-17 00:00:00,10033,234585661
1710720000,2024-03-18 00:00:00,10160,235383191
1710806400,2024-03-19 00:00:00,10429,241474345
1710892800,2024-03-20 00:00:00,10452,243650822
1710979200,2024-03-21 00:00:00,9612,228737675
1711065600,2024-03-22 00:00:00,9450,219504770
1711152000,2024-03-23 00:00:00,10058,229770973
1711238400,2024-03-24 00:00:00,9941,232940203
1711324800,2024-03-25 00:00:00,9627,225679580
1711411200,2024-03-26 00:00:00,9271,217446580
1711497600,2024-03-27 00:00:00,9828,225472418
1711584000,2024-03-28 00:00:00,9890,229732841
1711670400,2024-03-29 00:00:00,9378,222268070
1711756800,2024-03-30 00:00:00,9180,213696507
1711843200,2024-03-31 00:00:00,9671,223124326
1711929600,2024-04-01 00:00:00,9420,221339510
1712016000,2024-04-02 00:00:00,8550,203143603
1712102400,2024-04-03 00:00:00,8868,204606197
1712188800,2024-04-04 00:00:00,9271,213793910
1712275200,2024-04-05 00:00:00,9165,212174136
1712361600,2024-04-06 00:00:00,9388,220682429
1712448000,2024-04-07 00:00:00,8953,210344336
1712534400,2024-04-08 00:00:00,9259,214137420
1712620800,2024-04-09 00:00:00,9186,212247958
1712707200,2024-04-10 00:00:00,9394,218532676
1712793600,2024-04-11 00:00:00,8572,202438232
1712880000,2024-04-12 00:00:00,8884,204009892
1712966400,2024-04-13 00:00:00,8595,201619146
1713052800,2024-04-14 00:00:00,8685,201692949
1713139200,2024-04-15 00:00:00,8515,198881624
1713225600,2024-04-16 00:00:00,8926,207520343
1713312000,2024-04-17 00:00:00,9365,213221265
1713398400,2024-04-18 00:00:00,8507,203136863
1713484800,2024-04-19 00:00:00,8903,205692996
1713571200,2024-04-20 00:00:00,9117,211180134
1713657600,2024-04-21 00:00:00,8753,204988327
1713744000,2024-04-22 00:00:00,9482,218215404
1713830400,2024-04-23 00:00:00,8462,200563915
1713916800,2024-04-24 00:00:00,8743,201745707
1714003200,2024-04-25 00:00:00,9305,214961848
1714089600,2024-04-26 00:00:00,8782,208026591
1714176000,2024-04-27 00:00:00,9061,208367003
1714262400,2024-04-28 00:00:00,8955,208794899
1714348800,2024-04-29 00:00:00,8518,200642762
1714435200,2024-04-30 00:00:00,8816,203826253
1714521600,2024-05-01 00:00:00,8748,203892159
1714608000,2024-05-02 00:00:00,8835,204640979
1714694400,2024-05-03 00:00:00,8771,207107755
1714780800,2024-05-04 00:00:00,8881,206779840
1714867200,2024-05-05 00:00:00,8172,191370879
1714953600,2024-05-06 00:00:00,8767,202632099
1715040000,2024-05-07 00:00:00,8404,195705414
1715126400,2024-05-08 00:00:00,8299,193083367
1715212800,2024-05-09 00:00:00,8617,200330391
1715299200,2024-05-10 00:00:00,8729,204024683
1715385600,2024-05-11 00:00:00,8723,203307446
1715472000,2024-05-12 00:00:00,8905,204754166
1715558400,2024-05-13 00:00:00,9119,212633251
1715644800,2024-05-14 00:00:00,8563,199821907
1715731200,2024-05-15 00:00:00,8145,192659778
1715817600,2024-05-16 00:00:00,8061,188934097
1715904000,2024-05-17 00:00:00,8371,192483787
1715990400,2024-05-18 00:00:00,8421,196176883
1716076800,2024-05-19 00:00:00,8817,203044941
1716163200,2024-05-20 00:00:00,8231,195517111
1716249600,2024-05-21 00:00:00,8057,189152631
1716336000,2024-05-22 00:00:00,7568,176234163
1716422400,2024-05-23 00:00:00,8778,201034803
1716508800,2024-05-24 00:00:00,8143,191628691
1716595200,2024-05-25 00:00:00,8308,192739402
1716681600,2024-05-26 00:00:00,8149,189992406
1716768000,2024-05-27 00:00:00,7365,176767461
1716854400,2024-05-28 00:00:00,7430,172094682
1716940800,2024-05-29 00:00:00,7950,180788594
1717027200,2024-05-30 00:00:00,7999,188507906
1717113600,2024-05-31 00:00:00,7751,181452361
1717200000,2024-06-01 00:00:00,7939,181963426
1717286400,2024-06-02 00:00:00,7856,184161449
1717372800,2024-06-03 00:00:00,7687,180571970
1717459200,2024-06-04 00:00:00,7688,177678346
1717545600,2024-06-05 00:00:00,7689,179115823
1717632000,2024-06-06 00:00:00,7475,177180460
1717718400,2024-06-07 00:00:00,7844,178415748
1717804800,2024-06-08 00:00:00,8127,188783939
1717891200,2024-06-09 00:00:00,7675,178926417
1717977600,2024-06-10 00:00:00,7630,177838942
1718064000,2024-06-11 00:00:00,7837,181848222
1718150400,2024-06-12 00:00:00,7620,178925888
1718236800,2024-06-13 00:00:00,7390,173890331
1718323200,2024-06-14 00:00:00,7146,165682641
1718409600,2024-06-15 00:00:00,7090,166381109
1718496000,2024-06-16 00:00:00,7036,162436120
1718582400,2024-06-17 00:00:00,6828,159416691
1718668800,2024-06-18 00:00:00,6657,158133927
1718755200,2024-06-19 00:00:00,6763,156292635
1718841600,2024-06-20 00:00:00,6886,158830174
1718928000,2024-06-21 00:00:00,6698,158515177
1719014400,2024-06-22 00:00:00,6780,157119959
1719100800,2024-06-23 00:00:00,6738,155622361
1719187200,2024-06-24 00:00:00,6656,156382726
1719273600,2024-06-25 00:00:00,6672,154523882
1719360000,2024-06-26 00:00:00,6584,153288395
1719446400,2024-06-27 00:00:00,6605,155531542
1719532800,2024-06-28 00:00:00,6639,154268075
1719619200,2024-06-29 00:00:00,6746,156073250
1719705600,2024-06-30 00:00:00,6507,150656805
1719792000,2024-07-01 00:00:00,6387,153278481
1719878400,2024-07-02 00:00:00,6073,142069611
1719964800,2024-07-03 00:00:00,6311,145262729
1720051200,2024-07-04 00:00:00,6419,147396227
1720137600,2024-07-05 00:00:00,6337,148431043
1720224000,2024-07-06 00:00:00,6128,144156655
1720310400,2024-07-07 00:00:00,6356,145665876
1720396800,2024-07-08 00:00:00,6325,149025779
1720483200,2024-07-09 00:00:00,6210,143916277
1720569600,2024-07-10 00:00:00,5912,139830581
1720656000,2024-07-11 00:00:00,5981,140262163
1720742400,2024-07-12 00:00:00,6238,142942907
1720828800,2024-07-13 00:00:00,6208,145856746
1720915200,2024-07-14 00:00:00,6409,146718078
1721001600,2024-07-15 00:00:00,6513,152996170
1721088000,2024-07-16 00:00:00,5987,140052112
1721174400,2024-07-17 00:00:00,6183,142890108
1721260800,2024-07-18 00:00:00,6130,144512310
1721347200,2024-07-19 00:00:00,6135,142083485
1721433600,2024-07-20 00:00:00,6322,145377766
1721520000,2024-07-21 00:00:00,6364,149798213
1721606400,2024-07-22 00:00:00,6143,143036438
1721692800,2024-07-23 00:00:00,6300,147269105
1721779200,2024-07-24 00:00:00,6248,144453841
1721865600,2024-07-25 00:00:00,5858,138732822
1721952000,2024-07-26 00:00:00,6155,143230176
1722038400,2024-07-27 00:00:00,5877,136878801
1722124800,2024-07-28 00:00:00,5943,140535036
1722211200,2024-07-29 00:00:00,5967,137673834
1722297600,2024-07-30 00:00:00,6072,141456904
1722384000,2024-07-31 00:00:00,6071,139753705
1722470400,2024-08-01 00:00:00,6236,146151174
1722556800,2024-08-02 00:00:00,5919,138735569
1722643200,2024-08-03 00:00:00,6192,143762877
1722729600,2024-08-04 00:00:00,5968,139805123
1722816000,2024-08-05 00:00:00,5939,137043172
1722902400,2024-08-06 00:00:00,6085,142816877
1722988800,2024-08-07 00:00:00,5941,137911307
1723075200,2024-08-08 00:00:00,5787,135995341
1723161600,2024-08-09 00:00:00,5656,133828712
1723248000,2024-08-10 00:00:00,5842,134181074
1723334400,2024-08-11 00:00:00,5536,130773535
1723420800,2024-08-12 00:00:00,5661,130812111
1723507200,2024-08-13 00:00:00,5738,130880860
1723593600,2024-08-14 00:00:00,5786,136425088
1723680000,2024-08-15 00:00:00,5818,134334749
1723766400,2024-08-16 00:00:00,6110,142447703
1723852800,2024-08-17 00:00:00,5895,135921320
1723939200,2024-08-18 00:00:00,5534,132269400
1724025600,2024-08-19 00:00:00,6011,138462721
1724112000,2024-08-20 00:00:00,5890,138677193
1724198400,2024-08-21 00:00:00,6122,140853836
1724284800,2024-08-22 00:00:00,6020,140971011
1724371200,2024-08-23 00:00:00,5983,138304301
1724457600,2024-08-24 00:00:00,5870,138350830
1724544000,2024-08-25 00:00:00,5905,137753425
1724630400,2024-08-26 00:00:00,5753,135519266
1724716800,2024-08-27 00:00:00,5735,133269981
1724803200,2024-08-28 00:00:00,6038,137214927
1724889600,2024-08-29 00:00:00,6026,141205360
1724976000,2024-08-30 00:00:00,5952,139625268
1725062400,2024-08-31 00:00:00,5768,134934406
1725148800,2024-09-01 00:00:00,5899,135777435
1725235200,2024-09-02 00:00:00,6080,142192647
1725321600,2024-09-03 00:00:00,5669,134154592
1725408000,2024-09-04 00:00:00,5975,136811944
1725494400,2024-09-05 00:00:00,6438,147919803
1725580800,2024-09-06 00:00:00,6157,143799994
1725667200,2024-09-07 00:00:00,5946,140888657
1725753600,2024-09-08 00:00:00,5951,137469565
1725840000,2024-09-09 00:00:00,6395,147936452
1725926400,2024-09-10 00:00:00,6342,148696694
1726012800,2024-09-11 00:00:00,6043,141458983
1726099200,2024-09-12 00:00:00,5990,141389377
1726185600,2024-09-13 00:00:00,5977,139033046
1726272000,2024-09-14 00:00:00,6011,139613551
1726358400,2024-09-15 00:00:00,5847,136758663
1726444800,2024-09-16 00:00:00,6123,139927797
1726531200,2024-09-17 00:00:00,5915,139728933
1726617600,2024-09-18 00:00:00,6558,149862754
1726704000,2024-09-19 00:00:00,6463,151558691
1726790400,2024-09-20 00:00:00,6376,149132731
1726876800,2024-09-21 00:00:00,6364,148126128
1726963200,2024-09-22 00:00:00,6145,143150983
1727049600,2024-09-23 00:00:00,6124,144432974
1727136000,2024-09-24 00:00:00,6089,142465677
1727222400,2024-09-25 00:00:00,6425,146779518
1727308800,2024-09-26 00:00:00,6391,150942977
1727395200,2024-09-27 00:00:00,6110,142407786
1727481600,2024-09-28 00:00:00,6282,145280433
1727568000,2024-09-29 00:00:00,6814,158168528
1727654400,2024-09-30 00:00:00,6083,144461384
1727740800,2024-10-01 00:00:00,6414,148468086
1727827200,2024-10-02 00:00:00,6321,145082891
1727913600,2024-10-03 00:00:00,6075,144230170
1728000000,2024-10-04 00:00:00,5839,137393738
1728086400,2024-10-05 00:00:00,6306,144909225
1728172800,2024-10-06 00:00:00,6235,144817588
1728259200,2024-10-07 00:00:00,6703,153628000
1728345600,2024-10-08 00:00:00,6533,155709039
1728432000,2024-10-09 00:00:00,6448,149556401
1728518400,2024-10-10 00:00:00,6656,154441670
1728604800,2024-10-11 00:00:00,6383,150384926
1728691200,2024-10-12 00:00:00,6207,145851835
1728777600,2024-10-13 00:00:00,6354,146378762
1728864000,2024-10-14 00:00:00,6851,159318538
1728950400,2024-10-15 00:00:00,6658,154661223
1729036800,2024-10-16 00:00:00,6364,148746269
1729123200,2024-10-17 00:00:00,6514,151530891
1729209600,2024-10-18 00:00:00,6351,148762081
1729296000,2024-10-19 00:00:00,6631,154600727
1729382400,2024-10-20 00:00:00,6721,156150787
1729468800,2024-10-21 00:00:00,6354,148609842
1729555200,2024-10-22 00:00:00,6369,147040963
1729641600,2024-10-23 00:00:00,6497,151618022
1729728000,2024-10-24 00:00:00,6940,159202435
1729814400,2024-10-25 00:00:00,6595,155661574
1729900800,2024-10-26 00:00:00,6640,155298194
1729987200,2024-10-27 00:00:00,6275,147749149
1730073600,2024-10-28 00:00:00,6275,147221566
1730160000,2024-10-29 00:00:00,6423,148398020
1730246400,2024-10-30 00:00:00,6481,151240073
1730332800,2024-10-31 00:00:00,7134,163577426
1730419200,2024-11-01 00:00:00,6479,153320000
1730505600,2024-11-02 00:00:00,6511,152158670
1730592000,2024-11-03 00:00:00,6596,153844815
1730678400,2024-11-04 00:00:00,6716,155075418
1730764800,2024-11-05 00:00:00,6322,149947842
1730851200,2024-11-06 00:00:00,6745,156065337
1730937600,2024-11-07 00:00:00,6469,150125383
1731024000,2024-11-08 00:00:00,6658,155269239
1731110400,2024-11-09 00:00:00,6452,152569586
1731196800,2024-11-10 00:00:00,6880,158190983
1731283200,2024-11-11 00:00:00,6643,156104166
1731369600,2024-11-12 00:00:00,6421,151119941
1731456000,2024-11-13 00:00:00,6124,144629846
1731542400,2024-11-14 00:00:00,6696,152960796
1731628800,2024-11-15 00:00:00,6200,146187292
1731715200,2024-11-16 00:00:00,6389,149075300
1731801600,2024-11-17 00:00:00,6654,154523503
1731888000,2024-11-18 00:00:00,6042,143525986
1731974400,2024-11-19 00:00:00,6514,150846136
1732060800,2024-11-20 00:00:00,6466,147774287
1732147200,2024-11-21 00:00:00,6094,144449843
1732233600,2024-11-22 00:00:00,6605,151996952
1732320000,2024-11-23 00:00:00,6181,142777874
1732406400,2024-11-24 00:00:00,6452,152091911
1732492800,2024-11-25 00:00:00,6594,153058486
1732579200,2024-11-26 00:00:00,6502,150711783
1732665600,2024-11-27 00:00:00,6986,161314941
1732752000,2024-11-28 00:00:00,6838,160562795
1732838400,2024-11-29 00:00:00,6854,157681869
1732924800,2024-11-30 00:00:00,6840,161309773
1733011200,2024-12-01 00:00:00,6621,153086286
1733097600,2024-12-02 00:00:00,7239,166735374
1733184000,2024-12-03 00:00:00,7601,175001491
1733270400,2024-12-04 00:00:00,7196,169419523
1733356800,2024-12-05 00:00:00,7201,165932374
1733443200,2024-12-06 00:00:00,7120,167508495
1733529600,2024-12-07 00:00:00,6920,163031396
1733616000,2024-12-08 00:00:00,7022,163054843
1733702400,2024-12-09 00:00:00,6726,157263110
1733788800,2024-12-10 00:00:00,6694,155032917
1733875200,2024-12-11 00:00:00,6886,160719292
1733961600,2024-12-12 00:00:00,6709,155542726
1734048000,2024-12-13 00:00:00,7110,166387974
1734134400,2024-12-14 00:00:00,7247,167523491
1734220800,2024-12-15 00:00:00,6871,162533284
1734307200,2024-12-16 00:00:00,6969,160992883
1734393600,2024-12-17 00:00:00,6806,157431276
1734480000,2024-12-18 00:00:00,7239,168353271
1734566400,2024-12-19 00:00:00,7276,169889345
1734652800,2024-12-20 00:00:00,6828,160765348
1734739200,2024-12-21 00:00:00,6796,158988607
1734825600,2024-12-22 00:00:00,7197,166167156
1734912000,2024-12-23 00:00:00,6721,157629629
1734998400,2024-12-24 00:00:00,6796,159791237
1735084800,2024-12-25 00:00:00,6899,160454922
1735171200,2024-12-26 00:00:00,6739,157596338
1735257600,2024-12-27 00:00:00,6776,154883585
1735344000,2024-12-28 00:00:00,7087,163734961
1735430400,2024-12-29 00:00:00,6904,162159542
1735516800,2024-12-30 00:00:00,6994,164724858
1735603200,2024-12-31 00:00:00,6760,156742560
1735689600,2025-01-01 00:00:00,7128,163298385
1735776000,2025-01-02 00:00:00,6560,158083252
1735862400,2025-01-03 00:00:00,7036,161069639
1735948800,2025-01-04 00:00:00,6918,162357805
1736035200,2025-01-05 00:00:00,7173,165271621
1736121600,2025-01-06 00:00:00,7119,166012012
1736208000,2025-01-07 00:00:00,7066,163731733
1736294400,2025-01-08 00:00:00,7276,169850864
1736380800,2025-01-09 00:00:00,6610,156261598
1736467200,2025-01-10 00:00:00,7191,164178475
1736553600,2025-01-11 00:00:00,6705,158664340
1736640000,2025-01-12 00:00:00,7191,166631688
1736726400,2025-01-13 00:00:00,6931,161546617
1736812800,2025-01-14 00:00:00,6652,156076539
1736899200,2025-01-15 00:00:00,6630,155005162
1736985600,2025-01-16 00:00:00,6705,157225140
1737072000,2025-01-17 00:00:00,6817,157952546
1737158400,2025-01-18 00:00:00,7058,161602510
1737244800,2025-01-19 00:00:00,6568,158132942
1737331200,2025-01-20 00:00:00,6863,158348244
1737417600,2025-01-21 00:00:00,7037,161856644
1737504000,2025-01-22 00:00:00,6309,150334316
1737590400,2025-01-23 00:00:00,6600,152094848
1737676800,2025-01-24 00:00:00,6537,152203290
1737763200,2025-01-25 00:00:00,6382,150120276
1737849600,2025-01-26 00:00:00,6581,153028449
1737936000,2025-01-27 00:00:00,6459,150458929
1738022400,2025-01-28 00:00:00,6343,149311490
1738108800,2025-01-29 00:00:00,6305,147246723
1738195200,2025-01-30 00:00:00,6376,147671388
1738281600,2025-01-31 00:00:00,6362,148907077
1738368000,2025-02-01 00:00:00,6442,151196030
1738454400,2025-02-02 00:00:00,6487,150209574
1738540800,2025-02-03 00:00:00,6187,145637907
1738627200,2025-02-04 00:00:00,6180,143944871
1738713600,2025-02-05 00:00:00,6291,145730529
1738800000,2025-02-06 00:00:00,6587,153666140
1738886400,2025-02-07 00:00:00,6179,146370180
1738972800,2025-02-08 00:00:00,6229,142801538
1739059200,2025-02-09 00:00:00,6346,148143322
1739145600,2025-02-10 00:00:00,6237,146834903
1739232000,2025-02-11 00:00:00,6369,148493970
1739318400,2025-02-12 00:00:00,5898,138335654
1739404800,2025-02-13 00:00:00,6215,142411537
1739491200,2025-02-14 00:00:00,6191,143732524
1739577600,2025-02-15 00:00:00,6219,146919548
1739664000,2025-02-16 00:00:00,6637,152054040
1739750400,2025-02-17 00:00:00,6285,147283640
1739836800,2025-02-18 00:00:00,6258,146498816
1739923200,2025-02-19 00:00:00,7274,164917814
1740009600,2025-02-20 00:00:00,7315,171058981
1740096000,2025-02-21 00:00:00,7350,171728444
1740182400,2025-02-22 00:00:00,6960,162575040
1740268800,2025-02-23 00:00:00,6512,154607104
1740355200,2025-02-24 00:00:00,6846,158525878
1740441600,2025-02-25 00:00:00,6855,159878469
1740528000,2025-02-26 00:00:00,6777,158422900
1740614400,2025-02-27 00:00:00,7306,167696869
1740700800,2025-02-28 00:00:00,6629,159435065
1740787200,2025-03-01 00:00:00,7207,161775310
1740873600,2025-03-02 00:00:00,6955,163034040
1740960000,2025-03-03 00:00:00,6834,161018498
1741046400,2025-03-04 00:00:00,6703,156539088
1741132800,2025-03-05 00:00:00,6746,157161737
1741219200,2025-03-06 00:00:00,6408,151228141
1741305600,2025-03-07 00:00:00,6189,143318662
1741392000,2025-03-08 00:00:00,6520,151066903
1741478400,2025-03-09 00:00:00,6731,156733247
1741564800,2025-03-10 00:00:00,6745,156435511
1741651200,2025-03-11 00:00:00,6302,150300994
1741737600,2025-03-12 00:00:00,6264,146102022
1741824000,2025-03-13 00:00:00,6306,145577231
1741910400,2025-03-14 00:00:00,5755,137231788
1741996800,2025-03-15 00:00:00,6335,145677264
1742083200,2025-03-16 00:00:00,5882,138485752
1742169600,2025-03-17 00:00:00,6229,144648592
1742256000,2025-03-18 00:00:00,5848,137024768
1742342400,2025-03-19 00:00:00,5921,137115411
1742428800,2025-03-20 00:00:00,5825,137616898
1742515200,2025-03-21 00:00:00,6076,138983439
1742601600,2025-03-22 00:00:00,6068,142805225
1742688000,2025-03-23 00:00:00,5769,134187540
1742774400,2025-03-24 00:00:00,5658,134486202
1742860800,2025-03-25 00:00:00,5394,124520406
1742947200,2025-03-26 00:00:00,5149,121572142
1743033600,2025-03-27 00:00:00,5221,121458626
1743120000,2025-03-28 00:00:00,5435,125653251
1743206400,2025-03-29 00:00:00,5811,133926442
1743292800,2025-03-30 00:00:00,5482,127534555
1743379200,2025-03-31 00:00:00,5381,126164319
1743465600,2025-04-01 00:00:00,5280,124957934
1743552000,2025-04-02 00:00:00,5433,127484399
1743638400,2025-04-03 00:00:00,5051,119291224
1743724800,2025-04-04 00:00:00,5103,117275608
1743811200,2025-04-05 00:00:00,5093,119009385
1743897600,2025-04-06 00:00:00,5059,118871650
1743984000,2025-04-07 00:00:00,5401,124703321
1744070400,2025-04-08 00:00:00,5060,118984754
1744156800,2025-04-09 00:00:00,5378,124129706
1744243200,2025-04-10 00:00:00,5338,125096172
1744329600,2025-04-11 00:00:00,5435,126231303
1744416000,2025-04-12 00:00:00,5127,120533585
1744502400,2025-04-13 00:00:00,5144,119805743
1744588800,2025-04-14 00:00:00,5378,125394494
1744675200,2025-04-15 00:00:00,5482,126820594
1744761600,2025-04-16 00:00:00,5184,122281833
1744848000,2025-04-17 00:00:00,4810,113730795
1744934400,2025-04-18 00:00:00,5254,120546984
1745020800,2025-04-19 00:00:00,5597,127509102
1745107200,2025-04-20 00:00:00,5387,127593377
1745193600,2025-04-21 00:00:00,5171,121444155
1745280000,2025-04-22 00:00:00,5126,119805244
1745366400,2025-04-23 00:00:00,5011,117054819
1745452800,2025-04-24 00:00:00,5034,116513893
1745539200,2025-04-25 00:00:00,4937,116106605
1745625600,2025-04-26 00:00:00,5134,117215342
1745712000,2025-04-27 00:00:00,5076,119873982
1745798400,2025-04-28 00:00:00,5214,120772672
1745884800,2025-04-29 00:00:00,4774,113857026
1745971200,2025-04-30 00:00:00,4812,111469220
1746057600,2025-05-01 00:00:00,4683,108944412
1746144000,2025-05-02 00:00:00,4691,110182122
1746230400,2025-05-03 00:00:00,4727,109061264
1746316800,2025-05-04 00:00:00,4984,115743352
1746403200,2025-05-05 00:00:00,4680,110354896
1746489600,2025-05-06 00:00:00,4651,108896914
1746576000,2025-05-07 00:00:00,5045,115209439
1746662400,2025-05-08 00:00:00,4894,115390837
1746748800,2025-05-09 00:00:00,4967,116694189
1746835200,2025-05-10 00:00:00,4704,109548284
1746921600,2025-05-11 00:00:00,4624,107685775
1747008000,2025-05-12 00:00:00,4820,110311588
1747094400,2025-05-13 00:00:00,4256,102198861
1747180800,2025-05-14 00:00:00,4963,112647076
1747267200,2025-05-15 00:00:00,4766,112857526
1747353600,2025-05-16 00:00:00,4598,107500710
1747440000,2025-05-17 00:00:00,4631,109445316
1747526400,2025-05-18 00:00:00,4788,108961033
1747612800,2025-05-19 00:00:00,4658,110758535
1747699200,2025-05-20 00:00:00,4418,103971899
1747785600,2025-05-21 00:00:00,4460,103560033
1747872000,2025-05-22 00:00:00,4489,104961212
1747958400,2025-05-23 00:00:00,4631,108407956
1748044800,2025-05-24 00:00:00,4625,106946146
1748131200,2025-05-25 00:00:00,4581,106072725
1748217600,2025-05-26 00:00:00,4640,109333884
1748304000,2025-05-27 00:00:00,4429,103457580
1748390400,2025-05-28 00:00:00,4549,104829658
1748476800,2025-05-29 00:00:00,4677,108700665
1748563200,2025-05-30 00:00:00,4298,101643078
1748649600,2025-05-31 00:00:00,4308,99921575
1748736000,2025-06-01 00:00:00,4355,102319528
1748822400,2025-06-02 00:00:00,4140,97565086
1748908800,2025-06-03 00:00:00,4185,97583602
1748995200,2025-06-04 00:00:00,4134,96671749
1749081600,2025-06-05 00:00:00,4266,98938177
1749168000,2025-06-06 00:00:00,4162,98269667
1749254400,2025-06-07 00:00:00,4334,99169501
1749340800,2025-06-08 00:00:00,4351,101585052
1749427200,2025-06-09 00:00:00,4243,99955599
1749513600,2025-06-10 00:00:00,4390,102042318
1749600000,2025-06-11 00:00:00,4350,100710296
1749686400,2025-06-12 00:00:00,3984,95632414
1749772800,2025-06-13 00:00:00,3966,91964582
1749859200,2025-06-14 00:00:00,4059,93458009
1749945600,2025-06-15 00:00:00,4113,95607376
1750032000,2025-06-16 00:00:00,4091,96401597
1750118400,2025-06-17 00:00:00,4538,103761689
1750204800,2025-06-18 00:00:00,4672,108902110
1750291200,2025-06-19 00:00:00,5320,122795162
1750377600,2025-06-20 00:00:00,5104,118698257
1750464000,2025-06-21 00:00:00,5324,123971956
1750550400,2025-06-22 00:00:00,5371,124532073
1750636800,2025-06-23 00:00:00,6923,151314723
1750723200,2025-06-24 00:00:00,8340,191870482
1750809600,2025-06-25 00:00:00,7364,177441765
1750896000,2025-06-26 00:00:00,6425,150995341
1750982400,2025-06-27 00:00:00,6507,152636640
1751068800,2025-06-28 00:00:00,7278,159832251
1751155200,2025-06-29 00:00:00,8089,194422822
1751241600,2025-06-30 00:00:00,7005,161313953
1751328000,2025-07-01 00:00:00,8404,193344410
1751414400,2025-07-02 00:00:00,8175,185744353
1751500800,2025-07-03 00:00:00,7923,190410547
1751587200,2025-07-04 00:00:00,7705,179201631
1751673600,2025-07-05 00:00:00,7377,169524007
1751760000,2025-07-06 00:00:00,8298,195314779
1751846400,2025-07-07 00:00:00,7582,176485680
1751932800,2025-07-08 00:00:00,8223,189554218
1752019200,2025-07-09 00:00:00,8438,193366219
1752105600,2025-07-10 00:00:00,9349,217020468
1752192000,2025-07-11 00:00:00,8607,204281190
1752278400,2025-07-12 00:00:00,9638,213820253
1752364800,2025-07-13 00:00:00,10668,249899501
1752451200,2025-07-14 00:00:00,10609,246302409
1752537600,2025-07-15 00:00:00,10911,253908971
1752624000,2025-07-16 00:00:00,10318,242821121
1752710400,2025-07-17 00:00:00,8908,212151276
1752796800,2025-07-18 00:00:00,8955,206990621
1752883200,2025-07-19 00:00:00,9645,218684367
1752969600,2025-07-20 00:00:00,9972,238756336
1753056000,2025-07-21 00:00:00,7959,191463487
1753142400,2025-07-22 00:00:00,7853,180929336
1753228800,2025-07-23 00:00:00,7828,182745742
1753315200,2025-07-24 00:00:00,7907,182650386
1753401600,2025-07-25 00:00:00,7712,180110169
1753488000,2025-07-26 00:00:00,8684,196772266
1753574400,2025-07-27 00:00:00,9141,214301797
1753660800,2025-07-28 00:00:00,8215,196869703
1753747200,2025-07-29 00:00:00,7864,183124196
1753833600,2025-07-30 00:00:00,7725,180482770
1753920000,2025-07-31 00:00:00,7488,174832170
1754006400,2025-08-01 00:00:00,7392,173834520
1754092800,2025-08-02 00:00:00,7029,163847944
1754179200,2025-08-03 00:00:00,6438,153231521
1754265600,2025-08-04 00:00:00,6092,141799268
1754352000,2025-08-05 00:00:00,5925,137776289
1754438400,2025-08-06 00:00:00,5702,131870594
1754524800,2025-08-07 00:00:00,6108,141806581
1754611200,2025-08-08 00:00:00,6492,148769727
1754697600,2025-08-09 00:00:00,7213,166983809
1754784000,2025-08-10 00:00:00,7361,172224013
1754870400,2025-08-11 00:00:00,8155,182216710
1754956800,2025-08-12 00:00:00,8623,203773042
1755043200,2025-08-13 00:00:00,7176,171082619
1755129600,2025-08-14 00:00:00,8021,182286792
1755216000,2025-08-15 00:00:00,7064,171886803
1755302400,2025-08-16 00:00:00,7275,164470017
1755388800,2025-08-17 00:00:00,7246,175644669
1755475200,2025-08-18 00:00:00,6523,148060014
1755561600,2025-08-19 00:00:00,6619,158126816
1755648000,2025-08-20 00:00:00,6517,149816106
1755734400,2025-08-21 00:00:00,7111,164146863
1755820800,2025-08-22 00:00:00,6698,159958192
1755907200,2025-08-23 00:00:00,6796,153816670
1755993600,2025-08-24 00:00:00,7240,172698463
1756080000,2025-08-25 00:00:00,7088,157604476
1756166400,2025-08-26 00:00:00,7248,173640500
1756252800,2025-08-27 00:00:00,6389,150033638
1756339200,2025-08-28 00:00:00,6740,155761164
1756425600,2025-08-29 00:00:00,6591,154645709
1756512000,2025-08-30 00:00:00,6848,156288636
1756598400,2025-08-31 00:00:00,6585,155953235
1756684800,2025-09-01 00:00:00,6397,148202366
1756771200,2025-09-02 00:00:00,6672,156011578
1756857600,2025-09-03 00:00:00,6353,148409083
1756944000,2025-09-04 00:00:00,6307,146218416
1757030400,2025-09-05 00:00:00,6476,151114190
1757116800,2025-09-06 00:00:00,6752,154713439
1757203200,2025-09-07 00:00:00,6364,152403919
1757289600,2025-09-08 00:00:00,6261,144330468
1757376000,2025-09-09 00:00:00,5722,136490605
1757462400,2025-09-10 00:00:00,5761,133062059
1757548800,2025-09-11 00:00:00,6183,142756857
1757635200,2025-09-12 00:00:00,5786,137434605
1757721600,2025-09-13 00:00:00,6213,142200289
1757808000,2025-09-14 00:00:00,6618,154502790
1757894400,2025-09-15 00:00:00,6447,149786128
1757980800,2025-09-16 00:00:00,6272,146654170
1758067200,2025-09-17 00:00:00,6320,147079333
1758153600,2025-09-18 00:00:00,6609,151764269
1758240000,2025-09-19 00:00:00,6461,154713076
1758326400,2025-09-20 00:00:00,6644,152942248
1758412800,2025-09-21 00:00:00,6179,146411831
1758499200,2025-09-22 00:00:00,6123,143453785
1758585600,2025-09-23 00:00:00,6197,144257226
1758672000,2025-09-24 00:00:00,6388,147971202
1758758400,2025-09-25 00:00:00,6093,141909488
1758844800,2025-09-26 00:00:00,6206,144923211
1758931200,2025-09-27 00:00:00,5801,136505236
1759017600,2025-09-28 00:00:00,5598,131718922
1759104000,2025-09-29 00:00:00,5404,126865049
1759190400,2025-09-30 00:00:00,5493,126628906
1759276800,2025-10-01 00:00:00,5781,132283903
1759363200,2025-10-02 00:00:00,6025,139168975
1759449600,2025-10-03 00:00:00,5890,139178980
1759536000,2025-10-04 00:00:00,6133,140588789
1759622400,2025-10-05 00:00:00,5860,138332951
1759708800,2025-10-06 00:00:00,7270,164278175
1759795200,2025-10-07 00:00:00,6837,161947080
1759881600,2025-10-08 00:00:00,6653,155960240
1759968000,2025-10-09 00:00:00,6591,153553578
1760054400,2025-10-10 00:00:00,6493,151813149
1760140800,2025-10-11 00:00:00,6850,155605369
1760227200,2025-10-12 00:00:00,7215,168915273
1760313600,2025-10-13 00:00:00,6673,157130042
1760400000,2025-10-14 00:00:00,6592,154442497
1760486400,2025-10-15 00:00:00,6598,153471316
1760572800,2025-10-16 00:00:00,5788,135707202
1760659200,2025-10-17 00:00:00,6514,151123899
1760745600,2025-10-18 00:00:00,6618,153593671
1760832000,2025-10-19 00:00:00,6371,150059318
1760918400,2025-10-20 00:00:00,6025,138078500
1761004800,2025-10-21 00:00:00,6136,146097724
1761091200,2025-10-22 00:00:00,5867,137668080
1761177600,2025-10-23 00:00:00,6306,143586012
1761264000,2025-10-24 00:00:00,6249,145252190
1761350400,2025-10-25 00:00:00,6854,155833418
1761436800,2025-10-26 00:00:00,7450,172430983
1761523200,2025-10-27 00:00:00,7081,168263756
1761609600,2025-10-28 00:00:00,7412,167651069
1761696000,2025-10-29 00:00:00,8320,191607753
1761782400,2025-10-30 00:00:00,7751,184323155
1761868800,2025-10-31 00:00:00,7612,177012905
1761955200,2025-11-01 00:00:00,7340,171197120
1762041600,2025-11-02 00:00:00,7857,182258654
1762128000,2025-11-03 00:00:00,7344,171883466
1762214400,2025-11-04 00:00:00,8022,183280626
1762300800,2025-11-05 00:00:00,8247,193170357
1762387200,2025-11-06 00:00:00,7587,181238166
1762473600,2025-11-07 00:00:00,8002,184161804
1762560000,2025-11-08 00:00:00,7701,176314918
1762646400,2025-11-09 00:00:00,7626,181533899
1762732800,2025-11-10 00:00:00,7409,171405512
1762819200,2025-11-11 00:00:00,7897,184038079
1762905600,2025-11-12 00:00:00,7043,165694879
1762992000,2025-11-13 00:00:00,7839,180684859
1763078400,2025-11-14 00:00:00,8086,187975268
1763164800,2025-11-15 00:00:00,8102,186391032
1763251200,2025-11-16 00:00:00,8087,189875196
1763337600,2025-11-17 00:00:00,7503,176774352
1763424000,2025-11-18 00:00:00,7352,172016994
1763510400,2025-11-19 00:00:00,7191,168355365
1763596800,2025-11-20 00:00:00,7497,171948952
1763683200,2025-11-21 00:00:00,7406,173595921
1763769600,2025-11-22 00:00:00,7476,172941670
1763856000,2025-11-23 00:00:00,7448,176542911
1763942400,2025-11-24 00:00:00,7790,180234593
1764028800,2025-11-25 00:00:00,7928,183033351
1764115200,2025-11-26 00:00:00,7837,184588115
1764201600,2025-11-27 00:00:00,7413,170427998
1764288000,2025-11-28 00:00:00,7820,182210269
1764374400,2025-11-29 00:00:00,8360,192623932
1764460800,2025-11-30 00:00:00,7837,187065523
1764547200,2025-12-01 00:00:00,7538,176932092
1764633600,2025-12-02 00:00:00,7583,174961937
1764720000,2025-12-03 00:00:00,7210,171708684
1764806400,2025-12-04 00:00:00,7787,177251333
1764892800,2025-12-05 00:00:00,8032,184114054
1764979200,2025-12-06 00:00:00,8110,188568574
1765065600,2025-12-07 00:00:00,8173,191523211
1765152000,2025-12-08 00:00:00,7943,185683953
1765238400,2025-12-09 00:00:00,7820,183513025
1765324800,2025-12-10 00:00:00,7685,180489106
1765411200,2025-12-11 00:00:00,7596,174733085
1765497600,2025-12-12 00:00:00,7665,177888668
1765584000,2025-12-13 00:00:00,7692,178618990
1765670400,2025-12-14 00:00:00,7618,179613633
1765756800,2025-12-15 00:00:00,7539,176553857
1765843200,2025-12-16 00:00:00,7357,172082735
1765929600,2025-12-17 00:00:00,7709,175913888
1766016000,2025-12-18 00:00:00,7500,176627057
1766102400,2025-12-19 00:00:00,7436,173876843
1766188800,2025-12-20 00:00:00,7893,181783958
1766275200,2025-12-21 00:00:00,7112,168302796
1766361600,2025-12-22 00:00:00,7594,175498771
1766448000,2025-12-23 00:00:00,7250,168407107
1766534400,2025-12-24 00:00:00,6923,165001581
1766620800,2025-12-25 00:00:00,6635,154000292
1766707200,2025-12-26 00:00:00,7166,162889878
1766793600,2025-12-27 00:00:00,7433,173625357
1766880000,2025-12-28 00:00:00,7571,176911976
1766966400,2025-12-29 00:00:00,8091,185124797
1767052800,2025-12-30 00:00:00,8019,186921557
1767139200,2025-12-31 00:00:00,7456,177217579
1767225600,2026-01-01 00:00:00,8037,182644893
1767312000,2026-01-02 00:00:00,7491,179321989
1767398400,2026-01-03 00:00:00,7505,173928346
1767484800,2026-01-04 00:00:00,7555,174896482
1767571200,2026-01-05 00:00:00,7608,176514967
1767657600,2026-01-06 00:00:00,7693,181066829
1767744000,2026-01-07 00:00:00,7675,179202170
1767830400,2026-01-08 00:00:00,7627,178257967
1767916800,2026-01-09 00:00:00,7855,180878596
1768003200,2026-01-10 00:00:00,8149,189725442
1768089600,2026-01-11 00:00:00,7966,185676366
1768176000,2026-01-12 00:00:00,7692,181082808
1768262400,2026-01-13 00:00:00,7739,180419383
1768348800,2026-01-14 00:00:00,7391,176110422
1768435200,2026-01-15 00:00:00,7837,178103055
1768521600,2026-01-16 00:00:00,7993,188976133
1768608000,2026-01-17 00:00:00,8378,191402078
1768694400,2026-01-18 00:00:00,8367,196163882
1768780800,2026-01-19 00:00:00,7994,185288736
1768867200,2026-01-20 00:00:00,7543,177820920
1768953600,2026-01-21 00:00:00,8452,196260525
1769040000,2026-01-22 00:00:00,9100,205262645
1769126400,2026-01-23 00:00:00,9171,216302049
1769212800,2026-01-24 00:00:00,9097,210944017
1769299200,2026-01-25 00:00:00,8936,207669828
1769385600,2026-01-26 00:00:00,8550,200779465
1769472000,2026-01-27 00:00:00,9338,216468618
1769558400,2026-01-28 00:00:00,9279,214905803
1769644800,2026-01-29 00:00:00,8887,209618539
1769731200,2026-01-30 00:00:00,8796,203994203
1769817600,2026-01-31 00:00:00,9317,214967908
1769904000,2026-02-01 00:00:00,9767,227228584
1769990400,2026-02-02 00:00:00,8635,202343668
1770076800,2026-02-03 00:00:00,9543,218439550
1770163200,2026-02-04 00:00:00,9720,227045970
1770249600,2026-02-05 00:00:00,9735,225691523
1770336000,2026-02-06 00:00:00,9113,217602518
1770422400,2026-02-07 00:00:00,8725,204074737
1770508800,2026-02-08 00:00:00,8830,201070810
1770595200,2026-02-09 00:00:00,9017,211021785
1770681600,2026-02-10 00:00:00,8363,198750208
1770768000,2026-02-11 00:00:00,8329,191923625
1770854400,2026-02-12 00:00:00,8483,197666943
1770940800,2026-02-13 00:00:00,8926,205180377
1771027200,2026-02-14 00:00:00,8943,211450354
1771113600,2026-02-15 00:00:00,9198,211269157
1771200000,2026-02-16 00:00:00,9398,220747455
1771286400,2026-02-17 00:00:00,9456,218370370
1771372800,2026-02-18 00:00:00,9657,222135079
1771459200,2026-02-19 00:00:00,9421,222143371
1771545600,2026-02-20 00:00:00,9559,220357106
1771632000,2026-02-21 00:00:00,9058,213398781
1771718400,2026-02-22 00:00:00,10018,231531728
1771804800,2026-02-23 00:00:00,9983,230609606
1771891200,2026-02-24 00:00:00,10259,236649365
1771977600,2026-02-25 00:00:00,10145,235134836
1772064000,2026-02-26 00:00:00,10276,239460784
1772150400,2026-02-27 00:00:00,10050,235121087
1772236800,2026-02-28 00:00:00,9942,232693599
1772323200,2026-03-01 00:00:00,10048,233533181
1772409600,2026-03-02 00:00:00,9802,231840928
1772496000,2026-03-03 00:00:00,9931,225944271
1772582400,2026-03-04 00:00:00,9549,226879642
1772668800,2026-03-05 00:00:00,9845,226493961
1772755200,2026-03-06 00:00:00,11058,252368973
1772841600,2026-03-07 00:00:00,11788,276530701
1772928000,2026-03-08 00:00:00,10162,238190206
1773014400,2026-03-09 00:00:00,10677,245620874
1773100800,2026-03-10 00:00:00,10838,251684821
1773187200,2026-03-11 00:00:00,10979,255117733
1773273600,2026-03-12 00:00:00,10985,255188176
1773360000,2026-03-13 00:00:00,10598,250057844
1773446400,2026-03-14 00:00:00,11676,269493229
1773532800,2026-03-15 00:00:00,10965,255297081
1773619200,2026-03-16 00:00:00,10786,253536118
1773705600,2026-03-17 00:00:00,11808,267583556
1773792000,2026-03-18 00:00:00,11208,261040421
1774453800,2026-03-25 15:50:00,12096,282352014
